solid cylinder
  facet normal 0.9996988186962045 0.024541228522902896 0.0
    outer loop
      vertex 0.25 0.2 -0.005
      vertex 0.24993977281025864 0.20245338371637092 -0.005
      vertex 0.24993977281025864 0.20245338371637092 0.005
    endloop
  endfacet
  facet normal 0.9996988186962045 0.024541228522902896 -0.0
    outer loop
      vertex 0.25 0.2 -0.005
      vertex 0.24993977281025864 0.20245338371637092 0.005
      vertex 0.25 0.2 0.005
    endloop
  endfacet
  facet normal 0.99729045667869 0.07356456359967185 0.0
    outer loop
      vertex 0.24993977281025864 0.20245338371637092 -0.005
      vertex 0.24975923633360986 0.20490085701647803 -0.005
      vertex 0.24975923633360986 0.20490085701647803 0.005
    endloop
  endfacet
  facet normal 0.99729045667869 0.07356456359967185 -0.0
    outer loop
      vertex 0.24993977281025864 0.20245338371637092 -0.005
      vertex 0.24975923633360986 0.20490085701647803 0.005
      vertex 0.24993977281025864 0.20245338371637092 0.005
    endloop
  endfacet
  facet normal 0.9924795345987096 0.12241067519921846 0.0
    outer loop
      vertex 0.24975923633360986 0.20490085701647803 -0.005
      vertex 0.24945882549823906 0.2073365237227681 -0.005
      vertex 0.24945882549823906 0.2073365237227681 0.005
    endloop
  endfacet
  facet normal 0.9924795345987096 0.12241067519921846 -0.0
    outer loop
      vertex 0.24975923633360986 0.20490085701647803 -0.005
      vertex 0.24945882549823906 0.2073365237227681 0.005
      vertex 0.24975923633360986 0.20490085701647803 0.005
    endloop
  endfacet
  facet normal 0.9852776423889407 0.17096188876030427 0.0
    outer loop
      vertex 0.24945882549823906 0.2073365237227681 -0.005
      vertex 0.24903926402016152 0.20975451610080642 -0.005
      vertex 0.24903926402016152 0.20975451610080642 0.005
    endloop
  endfacet
  facet normal 0.9852776423889407 0.17096188876030427 -0.0
    outer loop
      vertex 0.24945882549823906 0.2073365237227681 -0.005
      vertex 0.24903926402016152 0.20975451610080642 0.005
      vertex 0.24945882549823906 0.2073365237227681 0.005
    endloop
  endfacet
  facet normal 0.9757021300385309 0.21910124015685903 0.0
    outer loop
      vertex 0.24903926402016152 0.20975451610080642 -0.005
      vertex 0.24850156265972723 0.2121490089951632 -0.005
      vertex 0.24850156265972723 0.2121490089951632 0.005
    endloop
  endfacet
  facet normal 0.9757021300385309 0.21910124015685903 -0.0
    outer loop
      vertex 0.24903926402016152 0.20975451610080642 -0.005
      vertex 0.24850156265972723 0.2121490089951632 0.005
      vertex 0.24903926402016152 0.20975451610080642 0.005
    endloop
  endfacet
  facet normal 0.9637760657954371 0.26671275747490847 0.0
    outer loop
      vertex 0.24850156265972723 0.2121490089951632 -0.005
      vertex 0.24784701678661045 0.2145142338627231 -0.005
      vertex 0.24784701678661045 0.2145142338627231 0.005
    endloop
  endfacet
  facet normal 0.9637760657954371 0.26671275747490847 -0.0
    outer loop
      vertex 0.24850156265972723 0.2121490089951632 -0.005
      vertex 0.24784701678661045 0.2145142338627231 0.005
      vertex 0.24850156265972723 0.2121490089951632 0.005
    endloop
  endfacet
  facet normal 0.9495281805930387 0.3136817403988852 0.0
    outer loop
      vertex 0.24784701678661045 0.2145142338627231 -0.005
      vertex 0.24707720325915106 0.216844492669611 -0.005
      vertex 0.24707720325915106 0.216844492669611 0.005
    endloop
  endfacet
  facet normal 0.9495281805930387 0.3136817403988852 -0.0
    outer loop
      vertex 0.24784701678661045 0.2145142338627231 -0.005
      vertex 0.24707720325915106 0.216844492669611 0.005
      vertex 0.24784701678661045 0.2145142338627231 0.005
    endloop
  endfacet
  facet normal 0.9329927988347394 0.35989503653498695 0.0
    outer loop
      vertex 0.24707720325915106 0.216844492669611 -0.005
      vertex 0.24619397662556436 0.2191341716182545 -0.005
      vertex 0.24619397662556436 0.2191341716182545 0.005
    endloop
  endfacet
  facet normal 0.9329927988347394 0.35989503653498695 -0.0
    outer loop
      vertex 0.24707720325915106 0.216844492669611 -0.005
      vertex 0.24619397662556436 0.2191341716182545 0.005
      vertex 0.24707720325915106 0.216844492669611 0.005
    endloop
  endfacet
  facet normal 0.9142097557035289 0.40524131400499375 0.0
    outer loop
      vertex 0.24619397662556436 0.2191341716182545 -0.005
      vertex 0.24519946465617218 0.2213777546715141 -0.005
      vertex 0.24519946465617218 0.2213777546715141 0.005
    endloop
  endfacet
  facet normal 0.9142097557035289 0.40524131400499375 -0.0
    outer loop
      vertex 0.24619397662556436 0.2191341716182545 -0.005
      vertex 0.24519946465617218 0.2213777546715141 0.005
      vertex 0.24619397662556436 0.2191341716182545 0.005
    endloop
  endfacet
  facet normal 0.8932243011955184 0.4496113296546005 0.0
    outer loop
      vertex 0.24519946465617218 0.2213777546715141 -0.005
      vertex 0.24409606321741778 0.22356983684129988 -0.005
      vertex 0.24409606321741778 0.22356983684129988 0.005
    endloop
  endfacet
  facet normal 0.8932243011955184 0.4496113296546005 -0.0
    outer loop
      vertex 0.24519946465617218 0.2213777546715141 -0.005
      vertex 0.24409606321741778 0.22356983684129988 0.005
      vertex 0.24519946465617218 0.2213777546715141 0.005
    endloop
  endfacet
  facet normal 0.8700869911087112 0.49289819222978437 0.0
    outer loop
      vertex 0.24409606321741778 0.22356983684129988 -0.005
      vertex 0.24288643050001363 0.2257051372096611 -0.005
      vertex 0.24288643050001363 0.2257051372096611 0.005
    endloop
  endfacet
  facet normal 0.8700869911087112 0.49289819222978437 -0.0
    outer loop
      vertex 0.24409606321741778 0.22356983684129988 -0.005
      vertex 0.24288643050001363 0.2257051372096611 0.005
      vertex 0.24409606321741778 0.22356983684129988 0.005
    endloop
  endfacet
  facet normal 0.8448535652497077 0.534997619887096 0.0
    outer loop
      vertex 0.24288643050001363 0.2257051372096611 -0.005
      vertex 0.2415734806151273 0.22777851165098012 -0.005
      vertex 0.2415734806151273 0.22777851165098012 0.005
    endloop
  endfacet
  facet normal 0.8448535652497077 0.534997619887096 -0.0
    outer loop
      vertex 0.24288643050001363 0.2257051372096611 -0.005
      vertex 0.2415734806151273 0.22777851165098012 0.005
      vertex 0.24288643050001363 0.2257051372096611 0.005
    endloop
  endfacet
  facet normal 0.817584813151586 0.5758081914178421 0.0
    outer loop
      vertex 0.2415734806151273 0.22777851165098012 -0.005
      vertex 0.24016037657403227 0.2297849652246217 -0.005
      vertex 0.24016037657403227 0.2297849652246217 0.005
    endloop
  endfacet
  facet normal 0.817584813151586 0.5758081914178421 -0.0
    outer loop
      vertex 0.2415734806151273 0.22777851165098012 -0.005
      vertex 0.24016037657403227 0.2297849652246217 0.005
      vertex 0.2415734806151273 0.22777851165098012 0.005
    endloop
  endfacet
  facet normal 0.7883464276266017 0.6152315905806327 0.0
    outer loop
      vertex 0.24016037657403227 0.2297849652246217 -0.005
      vertex 0.23865052266813686 0.2317196642081823 -0.005
      vertex 0.23865052266813686 0.2317196642081823 0.005
    endloop
  endfacet
  facet normal 0.7883464276266017 0.6152315905806327 -0.0
    outer loop
      vertex 0.24016037657403227 0.2297849652246217 -0.005
      vertex 0.23865052266813686 0.2317196642081823 0.005
      vertex 0.24016037657403227 0.2297849652246217 0.005
    endloop
  endfacet
  facet normal 0.7572088465064883 0.6531728429537724 0.0
    outer loop
      vertex 0.23865052266813686 0.2317196642081823 -0.005
      vertex 0.23704755626774798 0.23357794774235094 -0.005
      vertex 0.23704755626774798 0.23357794774235094 0.005
    endloop
  endfacet
  facet normal 0.7572088465064883 0.6531728429537724 -0.0
    outer loop
      vertex 0.23865052266813686 0.2317196642081823 -0.005
      vertex 0.23704755626774798 0.23357794774235094 0.005
      vertex 0.23865052266813686 0.2317196642081823 0.005
    endloop
  endfacet
  facet normal 0.7242470829514619 0.6895405447370722 0.0
    outer loop
      vertex 0.23704755626774798 0.23357794774235094 -0.005
      vertex 0.2353553390593274 0.23535533905932737 -0.005
      vertex 0.2353553390593274 0.23535533905932737 0.005
    endloop
  endfacet
  facet normal 0.7242470829514619 0.6895405447370722 -0.0
    outer loop
      vertex 0.23704755626774798 0.23357794774235094 -0.005
      vertex 0.2353553390593274 0.23535533905932737 0.005
      vertex 0.23704755626774798 0.23357794774235094 0.005
    endloop
  endfacet
  facet normal 0.6895405447370725 0.7242470829514617 0.0
    outer loop
      vertex 0.2353553390593274 0.23535533905932737 -0.005
      vertex 0.23357794774235094 0.23704755626774798 -0.005
      vertex 0.23357794774235094 0.23704755626774798 0.005
    endloop
  endfacet
  facet normal 0.6895405447370725 0.7242470829514617 -0.0
    outer loop
      vertex 0.2353553390593274 0.23535533905932737 -0.005
      vertex 0.23357794774235094 0.23704755626774798 0.005
      vertex 0.2353553390593274 0.23535533905932737 0.005
    endloop
  endfacet
  facet normal 0.6531728429537724 0.7572088465064883 0.0
    outer loop
      vertex 0.23357794774235094 0.23704755626774798 -0.005
      vertex 0.2317196642081823 0.23865052266813686 -0.005
      vertex 0.2317196642081823 0.23865052266813686 0.005
    endloop
  endfacet
  facet normal 0.6531728429537724 0.7572088465064883 -0.0
    outer loop
      vertex 0.23357794774235094 0.23704755626774798 -0.005
      vertex 0.2317196642081823 0.23865052266813686 0.005
      vertex 0.23357794774235094 0.23704755626774798 0.005
    endloop
  endfacet
  facet normal 0.6152315905806257 0.7883464276266072 0.0
    outer loop
      vertex 0.2317196642081823 0.23865052266813686 -0.005
      vertex 0.2297849652246217 0.24016037657403225 -0.005
      vertex 0.2297849652246217 0.24016037657403225 0.005
    endloop
  endfacet
  facet normal 0.6152315905806257 0.7883464276266072 -0.0
    outer loop
      vertex 0.2317196642081823 0.23865052266813686 -0.005
      vertex 0.2297849652246217 0.24016037657403225 0.005
      vertex 0.2317196642081823 0.23865052266813686 0.005
    endloop
  endfacet
  facet normal 0.5758081914178497 0.8175848131515806 0.0
    outer loop
      vertex 0.2297849652246217 0.24016037657403225 -0.005
      vertex 0.22777851165098012 0.2415734806151273 -0.005
      vertex 0.22777851165098012 0.2415734806151273 0.005
    endloop
  endfacet
  facet normal 0.5758081914178497 0.8175848131515806 -0.0
    outer loop
      vertex 0.2297849652246217 0.24016037657403225 -0.005
      vertex 0.22777851165098012 0.2415734806151273 0.005
      vertex 0.2297849652246217 0.24016037657403225 0.005
    endloop
  endfacet
  facet normal 0.534997619887096 0.8448535652497077 0.0
    outer loop
      vertex 0.22777851165098012 0.2415734806151273 -0.005
      vertex 0.2257051372096611 0.24288643050001363 -0.005
      vertex 0.2257051372096611 0.24288643050001363 0.005
    endloop
  endfacet
  facet normal 0.534997619887096 0.8448535652497077 -0.0
    outer loop
      vertex 0.22777851165098012 0.2415734806151273 -0.005
      vertex 0.2257051372096611 0.24288643050001363 0.005
      vertex 0.22777851165098012 0.2415734806151273 0.005
    endloop
  endfacet
  facet normal 0.4928981922297807 0.8700869911087133 0.0
    outer loop
      vertex 0.2257051372096611 0.24288643050001363 -0.005
      vertex 0.2235698368412999 0.24409606321741775 -0.005
      vertex 0.2235698368412999 0.24409606321741775 0.005
    endloop
  endfacet
  facet normal 0.4928981922297807 0.8700869911087133 -0.0
    outer loop
      vertex 0.2257051372096611 0.24288643050001363 -0.005
      vertex 0.2235698368412999 0.24409606321741775 0.005
      vertex 0.2257051372096611 0.24288643050001363 0.005
    endloop
  endfacet
  facet normal 0.4496113296546096 0.893224301195514 0.0
    outer loop
      vertex 0.2235698368412999 0.24409606321741775 -0.005
      vertex 0.22137775467151413 0.24519946465617218 -0.005
      vertex 0.22137775467151413 0.24519946465617218 0.005
    endloop
  endfacet
  facet normal 0.4496113296546096 0.893224301195514 -0.0
    outer loop
      vertex 0.2235698368412999 0.24409606321741775 -0.005
      vertex 0.22137775467151413 0.24519946465617218 0.005
      vertex 0.2235698368412999 0.24409606321741775 0.005
    endloop
  endfacet
  facet normal 0.4052413140049896 0.9142097557035308 0.0
    outer loop
      vertex 0.22137775467151413 0.24519946465617218 -0.005
      vertex 0.2191341716182545 0.24619397662556436 -0.005
      vertex 0.2191341716182545 0.24619397662556436 0.005
    endloop
  endfacet
  facet normal 0.4052413140049896 0.9142097557035308 -0.0
    outer loop
      vertex 0.22137775467151413 0.24519946465617218 -0.005
      vertex 0.2191341716182545 0.24619397662556436 0.005
      vertex 0.22137775467151413 0.24519946465617218 0.005
    endloop
  endfacet
  facet normal 0.35989503653498695 0.9329927988347394 0.0
    outer loop
      vertex 0.2191341716182545 0.24619397662556436 -0.005
      vertex 0.216844492669611 0.24707720325915106 -0.005
      vertex 0.216844492669611 0.24707720325915106 0.005
    endloop
  endfacet
  facet normal 0.35989503653498695 0.9329927988347394 -0.0
    outer loop
      vertex 0.2191341716182545 0.24619397662556436 -0.005
      vertex 0.216844492669611 0.24707720325915106 0.005
      vertex 0.2191341716182545 0.24619397662556436 0.005
    endloop
  endfacet
  facet normal 0.31368174039889546 0.9495281805930355 0.0
    outer loop
      vertex 0.216844492669611 0.24707720325915106 -0.005
      vertex 0.2145142338627231 0.24784701678661047 -0.005
      vertex 0.2145142338627231 0.24784701678661047 0.005
    endloop
  endfacet
  facet normal 0.31368174039889546 0.9495281805930355 -0.0
    outer loop
      vertex 0.216844492669611 0.24707720325915106 -0.005
      vertex 0.2145142338627231 0.24784701678661047 0.005
      vertex 0.216844492669611 0.24707720325915106 0.005
    endloop
  endfacet
  facet normal 0.266712757474898 0.9637760657954401 0.0
    outer loop
      vertex 0.2145142338627231 0.24784701678661047 -0.005
      vertex 0.2121490089951632 0.24850156265972723 -0.005
      vertex 0.2121490089951632 0.24850156265972723 0.005
    endloop
  endfacet
  facet normal 0.266712757474898 0.9637760657954401 -0.0
    outer loop
      vertex 0.2145142338627231 0.24784701678661047 -0.005
      vertex 0.2121490089951632 0.24850156265972723 0.005
      vertex 0.2145142338627231 0.24784701678661047 0.005
    endloop
  endfacet
  facet normal 0.21910124015685903 0.9757021300385309 0.0
    outer loop
      vertex 0.2121490089951632 0.24850156265972723 -0.005
      vertex 0.20975451610080642 0.24903926402016152 -0.005
      vertex 0.20975451610080642 0.24903926402016152 0.005
    endloop
  endfacet
  facet normal 0.21910124015685903 0.9757021300385309 -0.0
    outer loop
      vertex 0.2121490089951632 0.24850156265972723 -0.005
      vertex 0.20975451610080642 0.24903926402016152 0.005
      vertex 0.2121490089951632 0.24850156265972723 0.005
    endloop
  endfacet
  facet normal 0.17096188876030427 0.9852776423889407 0.0
    outer loop
      vertex 0.20975451610080642 0.24903926402016152 -0.005
      vertex 0.2073365237227681 0.24945882549823906 -0.005
      vertex 0.2073365237227681 0.24945882549823906 0.005
    endloop
  endfacet
  facet normal 0.17096188876030427 0.9852776423889407 -0.0
    outer loop
      vertex 0.20975451610080642 0.24903926402016152 -0.005
      vertex 0.2073365237227681 0.24945882549823906 0.005
      vertex 0.20975451610080642 0.24903926402016152 0.005
    endloop
  endfacet
  facet normal 0.12241067519921985 0.9924795345987095 0.0
    outer loop
      vertex 0.2073365237227681 0.24945882549823906 -0.005
      vertex 0.20490085701647806 0.24975923633360986 -0.005
      vertex 0.20490085701647806 0.24975923633360986 0.005
    endloop
  endfacet
  facet normal 0.12241067519921985 0.9924795345987095 -0.0
    outer loop
      vertex 0.2073365237227681 0.24945882549823906 -0.005
      vertex 0.20490085701647806 0.24975923633360986 0.005
      vertex 0.2073365237227681 0.24945882549823906 0.005
    endloop
  endfacet
  facet normal 0.07356456359967102 0.99729045667869 0.0
    outer loop
      vertex 0.20490085701647806 0.24975923633360986 -0.005
      vertex 0.20245338371637092 0.24993977281025864 -0.005
      vertex 0.20245338371637092 0.24993977281025864 0.005
    endloop
  endfacet
  facet normal 0.07356456359967102 0.99729045667869 -0.0
    outer loop
      vertex 0.20490085701647806 0.24975923633360986 -0.005
      vertex 0.20245338371637092 0.24993977281025864 0.005
      vertex 0.20490085701647806 0.24975923633360986 0.005
    endloop
  endfacet
  facet normal 0.024541228522902896 0.9996988186962045 0.0
    outer loop
      vertex 0.20245338371637092 0.24993977281025864 -0.005
      vertex 0.2 0.25 -0.005
      vertex 0.2 0.25 0.005
    endloop
  endfacet
  facet normal 0.024541228522902896 0.9996988186962045 -0.0
    outer loop
      vertex 0.20245338371637092 0.24993977281025864 -0.005
      vertex 0.2 0.25 0.005
      vertex 0.20245338371637092 0.24993977281025864 0.005
    endloop
  endfacet
  facet normal -0.024541228522902896 0.9996988186962045 0.0
    outer loop
      vertex 0.2 0.25 -0.005
      vertex 0.1975466162836291 0.24993977281025864 -0.005
      vertex 0.1975466162836291 0.24993977281025864 0.005
    endloop
  endfacet
  facet normal -0.024541228522902896 0.9996988186962045 0.0
    outer loop
      vertex 0.2 0.25 -0.005
      vertex 0.1975466162836291 0.24993977281025864 0.005
      vertex 0.2 0.25 0.005
    endloop
  endfacet
  facet normal -0.07356456359967185 0.99729045667869 0.0
    outer loop
      vertex 0.1975466162836291 0.24993977281025864 -0.005
      vertex 0.195099142983522 0.24975923633360986 -0.005
      vertex 0.195099142983522 0.24975923633360986 0.005
    endloop
  endfacet
  facet normal -0.07356456359967185 0.99729045667869 0.0
    outer loop
      vertex 0.1975466162836291 0.24993977281025864 -0.005
      vertex 0.195099142983522 0.24975923633360986 0.005
      vertex 0.1975466162836291 0.24993977281025864 0.005
    endloop
  endfacet
  facet normal -0.12241067519921846 0.9924795345987096 0.0
    outer loop
      vertex 0.195099142983522 0.24975923633360986 -0.005
      vertex 0.19266347627723193 0.24945882549823906 -0.005
      vertex 0.19266347627723193 0.24945882549823906 0.005
    endloop
  endfacet
  facet normal -0.12241067519921846 0.9924795345987096 0.0
    outer loop
      vertex 0.195099142983522 0.24975923633360986 -0.005
      vertex 0.19266347627723193 0.24945882549823906 0.005
      vertex 0.195099142983522 0.24975923633360986 0.005
    endloop
  endfacet
  facet normal -0.17096188876030427 0.9852776423889407 0.0
    outer loop
      vertex 0.19266347627723193 0.24945882549823906 -0.005
      vertex 0.1902454838991936 0.24903926402016152 -0.005
      vertex 0.1902454838991936 0.24903926402016152 0.005
    endloop
  endfacet
  facet normal -0.17096188876030427 0.9852776423889407 0.0
    outer loop
      vertex 0.19266347627723193 0.24945882549823906 -0.005
      vertex 0.1902454838991936 0.24903926402016152 0.005
      vertex 0.19266347627723193 0.24945882549823906 0.005
    endloop
  endfacet
  facet normal -0.21910124015685903 0.9757021300385309 0.0
    outer loop
      vertex 0.1902454838991936 0.24903926402016152 -0.005
      vertex 0.18785099100483682 0.24850156265972723 -0.005
      vertex 0.18785099100483682 0.24850156265972723 0.005
    endloop
  endfacet
  facet normal -0.21910124015685903 0.9757021300385309 0.0
    outer loop
      vertex 0.1902454838991936 0.24903926402016152 -0.005
      vertex 0.18785099100483682 0.24850156265972723 0.005
      vertex 0.1902454838991936 0.24903926402016152 0.005
    endloop
  endfacet
  facet normal -0.266712757474898 0.9637760657954401 0.0
    outer loop
      vertex 0.18785099100483682 0.24850156265972723 -0.005
      vertex 0.1854857661372769 0.24784701678661047 -0.005
      vertex 0.1854857661372769 0.24784701678661047 0.005
    endloop
  endfacet
  facet normal -0.266712757474898 0.9637760657954401 0.0
    outer loop
      vertex 0.18785099100483682 0.24850156265972723 -0.005
      vertex 0.1854857661372769 0.24784701678661047 0.005
      vertex 0.18785099100483682 0.24850156265972723 0.005
    endloop
  endfacet
  facet normal -0.31368174039889546 0.9495281805930355 0.0
    outer loop
      vertex 0.1854857661372769 0.24784701678661047 -0.005
      vertex 0.18315550733038902 0.24707720325915106 -0.005
      vertex 0.18315550733038902 0.24707720325915106 0.005
    endloop
  endfacet
  facet normal -0.31368174039889546 0.9495281805930355 0.0
    outer loop
      vertex 0.1854857661372769 0.24784701678661047 -0.005
      vertex 0.18315550733038902 0.24707720325915106 0.005
      vertex 0.1854857661372769 0.24784701678661047 0.005
    endloop
  endfacet
  facet normal -0.35989503653498695 0.9329927988347394 0.0
    outer loop
      vertex 0.18315550733038902 0.24707720325915106 -0.005
      vertex 0.18086582838174553 0.24619397662556436 -0.005
      vertex 0.18086582838174553 0.24619397662556436 0.005
    endloop
  endfacet
  facet normal -0.35989503653498695 0.9329927988347394 0.0
    outer loop
      vertex 0.18315550733038902 0.24707720325915106 -0.005
      vertex 0.18086582838174553 0.24619397662556436 0.005
      vertex 0.18315550733038902 0.24707720325915106 0.005
    endloop
  endfacet
  facet normal -0.40524131400499375 0.9142097557035289 0.0
    outer loop
      vertex 0.18086582838174553 0.24619397662556436 -0.005
      vertex 0.17862224532848592 0.24519946465617218 -0.005
      vertex 0.17862224532848592 0.24519946465617218 0.005
    endloop
  endfacet
  facet normal -0.40524131400499375 0.9142097557035289 0.0
    outer loop
      vertex 0.18086582838174553 0.24619397662556436 -0.005
      vertex 0.17862224532848592 0.24519946465617218 0.005
      vertex 0.18086582838174553 0.24619397662556436 0.005
    endloop
  endfacet
  facet normal -0.4496113296546005 0.8932243011955184 0.0
    outer loop
      vertex 0.17862224532848592 0.24519946465617218 -0.005
      vertex 0.17643016315870014 0.24409606321741778 -0.005
      vertex 0.17643016315870014 0.24409606321741778 0.005
    endloop
  endfacet
  facet normal -0.4496113296546005 0.8932243011955184 0.0
    outer loop
      vertex 0.17862224532848592 0.24519946465617218 -0.005
      vertex 0.17643016315870014 0.24409606321741778 0.005
      vertex 0.17862224532848592 0.24519946465617218 0.005
    endloop
  endfacet
  facet normal -0.49289819222978437 0.8700869911087112 0.0
    outer loop
      vertex 0.17643016315870014 0.24409606321741778 -0.005
      vertex 0.17429486279033893 0.24288643050001363 -0.005
      vertex 0.17429486279033893 0.24288643050001363 0.005
    endloop
  endfacet
  facet normal -0.49289819222978437 0.8700869911087112 0.0
    outer loop
      vertex 0.17643016315870014 0.24409606321741778 -0.005
      vertex 0.17429486279033893 0.24288643050001363 0.005
      vertex 0.17643016315870014 0.24409606321741778 0.005
    endloop
  endfacet
  facet normal -0.534997619887096 0.8448535652497077 0.0
    outer loop
      vertex 0.17429486279033893 0.24288643050001363 -0.005
      vertex 0.1722214883490199 0.2415734806151273 -0.005
      vertex 0.1722214883490199 0.2415734806151273 0.005
    endloop
  endfacet
  facet normal -0.534997619887096 0.8448535652497077 0.0
    outer loop
      vertex 0.17429486279033893 0.24288643050001363 -0.005
      vertex 0.1722214883490199 0.2415734806151273 0.005
      vertex 0.17429486279033893 0.24288643050001363 0.005
    endloop
  endfacet
  facet normal -0.5758081914178421 0.817584813151586 0.0
    outer loop
      vertex 0.1722214883490199 0.2415734806151273 -0.005
      vertex 0.17021503477537833 0.24016037657403227 -0.005
      vertex 0.17021503477537833 0.24016037657403227 0.005
    endloop
  endfacet
  facet normal -0.5758081914178421 0.817584813151586 0.0
    outer loop
      vertex 0.1722214883490199 0.2415734806151273 -0.005
      vertex 0.17021503477537833 0.24016037657403227 0.005
      vertex 0.1722214883490199 0.2415734806151273 0.005
    endloop
  endfacet
  facet normal -0.6152315905806327 0.7883464276266017 0.0
    outer loop
      vertex 0.17021503477537833 0.24016037657403227 -0.005
      vertex 0.16828033579181773 0.23865052266813686 -0.005
      vertex 0.16828033579181773 0.23865052266813686 0.005
    endloop
  endfacet
  facet normal -0.6152315905806327 0.7883464276266017 0.0
    outer loop
      vertex 0.17021503477537833 0.24016037657403227 -0.005
      vertex 0.16828033579181773 0.23865052266813686 0.005
      vertex 0.17021503477537833 0.24016037657403227 0.005
    endloop
  endfacet
  facet normal -0.6531728429537789 0.7572088465064827 0.0
    outer loop
      vertex 0.16828033579181773 0.23865052266813686 -0.005
      vertex 0.16642205225764908 0.23704755626774796 -0.005
      vertex 0.16642205225764908 0.23704755626774796 0.005
    endloop
  endfacet
  facet normal -0.6531728429537789 0.7572088465064827 0.0
    outer loop
      vertex 0.16828033579181773 0.23865052266813686 -0.005
      vertex 0.16642205225764908 0.23704755626774796 0.005
      vertex 0.16828033579181773 0.23865052266813686 0.005
    endloop
  endfacet
  facet normal -0.6895405447370663 0.7242470829514676 0.0
    outer loop
      vertex 0.16642205225764908 0.23704755626774796 -0.005
      vertex 0.16464466094067265 0.2353553390593274 -0.005
      vertex 0.16464466094067265 0.2353553390593274 0.005
    endloop
  endfacet
  facet normal -0.6895405447370663 0.7242470829514676 0.0
    outer loop
      vertex 0.16642205225764908 0.23704755626774796 -0.005
      vertex 0.16464466094067265 0.2353553390593274 0.005
      vertex 0.16642205225764908 0.23704755626774796 0.005
    endloop
  endfacet
  facet normal -0.7242470829514673 0.6895405447370665 0.0
    outer loop
      vertex 0.16464466094067265 0.2353553390593274 -0.005
      vertex 0.16295244373225207 0.23357794774235094 -0.005
      vertex 0.16295244373225207 0.23357794774235094 0.005
    endloop
  endfacet
  facet normal -0.7242470829514673 0.6895405447370665 0.0
    outer loop
      vertex 0.16464466094067265 0.2353553390593274 -0.005
      vertex 0.16295244373225207 0.23357794774235094 0.005
      vertex 0.16464466094067265 0.2353553390593274 0.005
    endloop
  endfacet
  facet normal -0.7572088465064827 0.6531728429537789 0.0
    outer loop
      vertex 0.16295244373225207 0.23357794774235094 -0.005
      vertex 0.16134947733186317 0.2317196642081823 -0.005
      vertex 0.16134947733186317 0.2317196642081823 0.005
    endloop
  endfacet
  facet normal -0.7572088465064827 0.6531728429537789 0.0
    outer loop
      vertex 0.16295244373225207 0.23357794774235094 -0.005
      vertex 0.16134947733186317 0.2317196642081823 0.005
      vertex 0.16295244373225207 0.23357794774235094 0.005
    endloop
  endfacet
  facet normal -0.7883464276266072 0.6152315905806257 0.0
    outer loop
      vertex 0.16134947733186317 0.2317196642081823 -0.005
      vertex 0.15983962342596778 0.2297849652246217 -0.005
      vertex 0.15983962342596778 0.2297849652246217 0.005
    endloop
  endfacet
  facet normal -0.7883464276266072 0.6152315905806257 0.0
    outer loop
      vertex 0.16134947733186317 0.2317196642081823 -0.005
      vertex 0.15983962342596778 0.2297849652246217 0.005
      vertex 0.16134947733186317 0.2317196642081823 0.005
    endloop
  endfacet
  facet normal -0.8175848131515806 0.5758081914178497 0.0
    outer loop
      vertex 0.15983962342596778 0.2297849652246217 -0.005
      vertex 0.15842651938487273 0.22777851165098012 -0.005
      vertex 0.15842651938487273 0.22777851165098012 0.005
    endloop
  endfacet
  facet normal -0.8175848131515806 0.5758081914178497 0.0
    outer loop
      vertex 0.15983962342596778 0.2297849652246217 -0.005
      vertex 0.15842651938487273 0.22777851165098012 0.005
      vertex 0.15983962342596778 0.2297849652246217 0.005
    endloop
  endfacet
  facet normal -0.8448535652497077 0.534997619887096 0.0
    outer loop
      vertex 0.15842651938487273 0.22777851165098012 -0.005
      vertex 0.1571135694999864 0.2257051372096611 -0.005
      vertex 0.1571135694999864 0.2257051372096611 0.005
    endloop
  endfacet
  facet normal -0.8448535652497077 0.534997619887096 0.0
    outer loop
      vertex 0.15842651938487273 0.22777851165098012 -0.005
      vertex 0.1571135694999864 0.2257051372096611 0.005
      vertex 0.15842651938487273 0.22777851165098012 0.005
    endloop
  endfacet
  facet normal -0.8700869911087133 0.4928981922297807 0.0
    outer loop
      vertex 0.1571135694999864 0.2257051372096611 -0.005
      vertex 0.15590393678258227 0.2235698368412999 -0.005
      vertex 0.15590393678258227 0.2235698368412999 0.005
    endloop
  endfacet
  facet normal -0.8700869911087133 0.4928981922297807 0.0
    outer loop
      vertex 0.1571135694999864 0.2257051372096611 -0.005
      vertex 0.15590393678258227 0.2235698368412999 0.005
      vertex 0.1571135694999864 0.2257051372096611 0.005
    endloop
  endfacet
  facet normal -0.8932243011955161 0.449611329654605 0.0
    outer loop
      vertex 0.15590393678258227 0.2235698368412999 -0.005
      vertex 0.15480053534382784 0.2213777546715141 -0.005
      vertex 0.15480053534382784 0.2213777546715141 0.005
    endloop
  endfacet
  facet normal -0.8932243011955161 0.449611329654605 0.0
    outer loop
      vertex 0.15590393678258227 0.2235698368412999 -0.005
      vertex 0.15480053534382784 0.2213777546715141 0.005
      vertex 0.15590393678258227 0.2235698368412999 0.005
    endloop
  endfacet
  facet normal -0.9142097557035289 0.40524131400499375 0.0
    outer loop
      vertex 0.15480053534382784 0.2213777546715141 -0.005
      vertex 0.15380602337443566 0.2191341716182545 -0.005
      vertex 0.15380602337443566 0.2191341716182545 0.005
    endloop
  endfacet
  facet normal -0.9142097557035289 0.40524131400499375 0.0
    outer loop
      vertex 0.15480053534382784 0.2213777546715141 -0.005
      vertex 0.15380602337443566 0.2191341716182545 0.005
      vertex 0.15480053534382784 0.2213777546715141 0.005
    endloop
  endfacet
  facet normal -0.932992798834738 0.3598950365349907 0.0
    outer loop
      vertex 0.15380602337443566 0.2191341716182545 -0.005
      vertex 0.15292279674084897 0.21684449266961103 -0.005
      vertex 0.15292279674084897 0.21684449266961103 0.005
    endloop
  endfacet
  facet normal -0.932992798834738 0.3598950365349907 0.0
    outer loop
      vertex 0.15380602337443566 0.2191341716182545 -0.005
      vertex 0.15292279674084897 0.21684449266961103 0.005
      vertex 0.15380602337443566 0.2191341716182545 0.005
    endloop
  endfacet
  facet normal -0.9495281805930387 0.3136817403988852 0.0
    outer loop
      vertex 0.15292279674084897 0.21684449266961103 -0.005
      vertex 0.15215298321338958 0.21451423386272314 -0.005
      vertex 0.15215298321338958 0.21451423386272314 0.005
    endloop
  endfacet
  facet normal -0.9495281805930387 0.3136817403988852 0.0
    outer loop
      vertex 0.15292279674084897 0.21684449266961103 -0.005
      vertex 0.15215298321338958 0.21451423386272314 0.005
      vertex 0.15292279674084897 0.21684449266961103 0.005
    endloop
  endfacet
  facet normal -0.9637760657954378 0.2667127574749056 0.0
    outer loop
      vertex 0.15215298321338958 0.21451423386272314 -0.005
      vertex 0.1514984373402728 0.2121490089951632 -0.005
      vertex 0.1514984373402728 0.2121490089951632 0.005
    endloop
  endfacet
  facet normal -0.9637760657954378 0.2667127574749056 0.0
    outer loop
      vertex 0.15215298321338958 0.21451423386272314 -0.005
      vertex 0.1514984373402728 0.2121490089951632 0.005
      vertex 0.15215298321338958 0.21451423386272314 0.005
    endloop
  endfacet
  facet normal -0.9757021300385303 0.21910124015686144 0.0
    outer loop
      vertex 0.1514984373402728 0.2121490089951632 -0.005
      vertex 0.1509607359798385 0.20975451610080645 -0.005
      vertex 0.1509607359798385 0.20975451610080645 0.005
    endloop
  endfacet
  facet normal -0.9757021300385303 0.21910124015686144 0.0
    outer loop
      vertex 0.1514984373402728 0.2121490089951632 -0.005
      vertex 0.1509607359798385 0.20975451610080645 0.005
      vertex 0.1514984373402728 0.2121490089951632 0.005
    endloop
  endfacet
  facet normal -0.985277642388941 0.17096188876030238 0.0
    outer loop
      vertex 0.1509607359798385 0.20975451610080645 -0.005
      vertex 0.15054117450176097 0.2073365237227681 -0.005
      vertex 0.15054117450176097 0.2073365237227681 0.005
    endloop
  endfacet
  facet normal -0.985277642388941 0.17096188876030238 0.0
    outer loop
      vertex 0.1509607359798385 0.20975451610080645 -0.005
      vertex 0.15054117450176097 0.2073365237227681 0.005
      vertex 0.1509607359798385 0.20975451610080645 0.005
    endloop
  endfacet
  facet normal -0.9924795345987095 0.12241067519921985 0.0
    outer loop
      vertex 0.15054117450176097 0.2073365237227681 -0.005
      vertex 0.15024076366639016 0.20490085701647806 -0.005
      vertex 0.15024076366639016 0.20490085701647806 0.005
    endloop
  endfacet
  facet normal -0.9924795345987095 0.12241067519921985 0.0
    outer loop
      vertex 0.15054117450176097 0.2073365237227681 -0.005
      vertex 0.15024076366639016 0.20490085701647806 0.005
      vertex 0.15054117450176097 0.2073365237227681 0.005
    endloop
  endfacet
  facet normal -0.99729045667869 0.07356456359967102 0.0
    outer loop
      vertex 0.15024076366639016 0.20490085701647806 -0.005
      vertex 0.15006022718974138 0.20245338371637092 -0.005
      vertex 0.15006022718974138 0.20245338371637092 0.005
    endloop
  endfacet
  facet normal -0.99729045667869 0.07356456359967102 0.0
    outer loop
      vertex 0.15024076366639016 0.20490085701647806 -0.005
      vertex 0.15006022718974138 0.20245338371637092 0.005
      vertex 0.15024076366639016 0.20490085701647806 0.005
    endloop
  endfacet
  facet normal -0.9996988186962045 0.024541228522902896 0.0
    outer loop
      vertex 0.15006022718974138 0.20245338371637092 -0.005
      vertex 0.15000000000000002 0.2 -0.005
      vertex 0.15000000000000002 0.2 0.005
    endloop
  endfacet
  facet normal -0.9996988186962045 0.024541228522902896 0.0
    outer loop
      vertex 0.15006022718974138 0.20245338371637092 -0.005
      vertex 0.15000000000000002 0.2 0.005
      vertex 0.15006022718974138 0.20245338371637092 0.005
    endloop
  endfacet
  facet normal -0.9996988186962045 -0.02454122852290317 0.0
    outer loop
      vertex 0.15000000000000002 0.2 -0.005
      vertex 0.15006022718974138 0.19754661628362913 -0.005
      vertex 0.15006022718974138 0.19754661628362913 0.005
    endloop
  endfacet
  facet normal -0.9996988186962045 -0.02454122852290317 0.0
    outer loop
      vertex 0.15000000000000002 0.2 -0.005
      vertex 0.15006022718974138 0.19754661628362913 0.005
      vertex 0.15000000000000002 0.2 0.005
    endloop
  endfacet
  facet normal -0.99729045667869 -0.07356456359967102 0.0
    outer loop
      vertex 0.15006022718974138 0.19754661628362913 -0.005
      vertex 0.15024076366639016 0.195099142983522 -0.005
      vertex 0.15024076366639016 0.195099142983522 0.005
    endloop
  endfacet
  facet normal -0.99729045667869 -0.07356456359967102 0.0
    outer loop
      vertex 0.15006022718974138 0.19754661628362913 -0.005
      vertex 0.15024076366639016 0.195099142983522 0.005
      vertex 0.15006022718974138 0.19754661628362913 0.005
    endloop
  endfacet
  facet normal -0.9924795345987096 -0.12241067519921846 0.0
    outer loop
      vertex 0.15024076366639016 0.195099142983522 -0.005
      vertex 0.15054117450176097 0.19266347627723193 -0.005
      vertex 0.15054117450176097 0.19266347627723193 0.005
    endloop
  endfacet
  facet normal -0.9924795345987096 -0.12241067519921846 0.0
    outer loop
      vertex 0.15024076366639016 0.195099142983522 -0.005
      vertex 0.15054117450176097 0.19266347627723193 0.005
      vertex 0.15024076366639016 0.195099142983522 0.005
    endloop
  endfacet
  facet normal -0.9852776423889407 -0.17096188876030427 0.0
    outer loop
      vertex 0.15054117450176097 0.19266347627723193 -0.005
      vertex 0.1509607359798385 0.1902454838991936 -0.005
      vertex 0.1509607359798385 0.1902454838991936 0.005
    endloop
  endfacet
  facet normal -0.9852776423889407 -0.17096188876030427 0.0
    outer loop
      vertex 0.15054117450176097 0.19266347627723193 -0.005
      vertex 0.1509607359798385 0.1902454838991936 0.005
      vertex 0.15054117450176097 0.19266347627723193 0.005
    endloop
  endfacet
  facet normal -0.9757021300385309 -0.21910124015685903 0.0
    outer loop
      vertex 0.1509607359798385 0.1902454838991936 -0.005
      vertex 0.1514984373402728 0.18785099100483682 -0.005
      vertex 0.1514984373402728 0.18785099100483682 0.005
    endloop
  endfacet
  facet normal -0.9757021300385309 -0.21910124015685903 0.0
    outer loop
      vertex 0.1509607359798385 0.1902454838991936 -0.005
      vertex 0.1514984373402728 0.18785099100483682 0.005
      vertex 0.1509607359798385 0.1902454838991936 0.005
    endloop
  endfacet
  facet normal -0.9637760657954401 -0.266712757474898 0.0
    outer loop
      vertex 0.1514984373402728 0.18785099100483682 -0.005
      vertex 0.15215298321338955 0.1854857661372769 -0.005
      vertex 0.15215298321338955 0.1854857661372769 0.005
    endloop
  endfacet
  facet normal -0.9637760657954401 -0.266712757474898 0.0
    outer loop
      vertex 0.1514984373402728 0.18785099100483682 -0.005
      vertex 0.15215298321338955 0.1854857661372769 0.005
      vertex 0.1514984373402728 0.18785099100483682 0.005
    endloop
  endfacet
  facet normal -0.9495281805930355 -0.31368174039889546 0.0
    outer loop
      vertex 0.15215298321338955 0.1854857661372769 -0.005
      vertex 0.15292279674084897 0.18315550733038902 -0.005
      vertex 0.15292279674084897 0.18315550733038902 0.005
    endloop
  endfacet
  facet normal -0.9495281805930355 -0.31368174039889546 0.0
    outer loop
      vertex 0.15215298321338955 0.1854857661372769 -0.005
      vertex 0.15292279674084897 0.18315550733038902 0.005
      vertex 0.15215298321338955 0.1854857661372769 0.005
    endloop
  endfacet
  facet normal -0.9329927988347394 -0.35989503653498695 0.0
    outer loop
      vertex 0.15292279674084897 0.18315550733038902 -0.005
      vertex 0.15380602337443566 0.18086582838174553 -0.005
      vertex 0.15380602337443566 0.18086582838174553 0.005
    endloop
  endfacet
  facet normal -0.9329927988347394 -0.35989503653498695 0.0
    outer loop
      vertex 0.15292279674084897 0.18315550733038902 -0.005
      vertex 0.15380602337443566 0.18086582838174553 0.005
      vertex 0.15292279674084897 0.18315550733038902 0.005
    endloop
  endfacet
  facet normal -0.9142097557035289 -0.40524131400499375 0.0
    outer loop
      vertex 0.15380602337443566 0.18086582838174553 -0.005
      vertex 0.15480053534382784 0.17862224532848592 -0.005
      vertex 0.15480053534382784 0.17862224532848592 0.005
    endloop
  endfacet
  facet normal -0.9142097557035289 -0.40524131400499375 0.0
    outer loop
      vertex 0.15380602337443566 0.18086582838174553 -0.005
      vertex 0.15480053534382784 0.17862224532848592 0.005
      vertex 0.15380602337443566 0.18086582838174553 0.005
    endloop
  endfacet
  facet normal -0.8932243011955184 -0.4496113296546005 0.0
    outer loop
      vertex 0.15480053534382784 0.17862224532848592 -0.005
      vertex 0.15590393678258224 0.17643016315870014 -0.005
      vertex 0.15590393678258224 0.17643016315870014 0.005
    endloop
  endfacet
  facet normal -0.8932243011955184 -0.4496113296546005 0.0
    outer loop
      vertex 0.15480053534382784 0.17862224532848592 -0.005
      vertex 0.15590393678258224 0.17643016315870014 0.005
      vertex 0.15480053534382784 0.17862224532848592 0.005
    endloop
  endfacet
  facet normal -0.8700869911087112 -0.49289819222978437 0.0
    outer loop
      vertex 0.15590393678258224 0.17643016315870014 -0.005
      vertex 0.1571135694999864 0.17429486279033893 -0.005
      vertex 0.1571135694999864 0.17429486279033893 0.005
    endloop
  endfacet
  facet normal -0.8700869911087112 -0.49289819222978437 0.0
    outer loop
      vertex 0.15590393678258224 0.17643016315870014 -0.005
      vertex 0.1571135694999864 0.17429486279033893 0.005
      vertex 0.15590393678258224 0.17643016315870014 0.005
    endloop
  endfacet
  facet normal -0.8448535652497077 -0.534997619887096 0.0
    outer loop
      vertex 0.1571135694999864 0.17429486279033893 -0.005
      vertex 0.15842651938487273 0.1722214883490199 -0.005
      vertex 0.15842651938487273 0.1722214883490199 0.005
    endloop
  endfacet
  facet normal -0.8448535652497077 -0.534997619887096 0.0
    outer loop
      vertex 0.1571135694999864 0.17429486279033893 -0.005
      vertex 0.15842651938487273 0.1722214883490199 0.005
      vertex 0.1571135694999864 0.17429486279033893 0.005
    endloop
  endfacet
  facet normal -0.8175848131515822 -0.5758081914178474 0.0
    outer loop
      vertex 0.15842651938487273 0.1722214883490199 -0.005
      vertex 0.15983962342596775 0.17021503477537836 -0.005
      vertex 0.15983962342596775 0.17021503477537836 0.005
    endloop
  endfacet
  facet normal -0.8175848131515822 -0.5758081914178474 0.0
    outer loop
      vertex 0.15842651938487273 0.1722214883490199 -0.005
      vertex 0.15983962342596775 0.17021503477537836 0.005
      vertex 0.15842651938487273 0.1722214883490199 0.005
    endloop
  endfacet
  facet normal -0.7883464276266017 -0.6152315905806327 0.0
    outer loop
      vertex 0.15983962342596775 0.17021503477537836 -0.005
      vertex 0.16134947733186317 0.16828033579181775 -0.005
      vertex 0.16134947733186317 0.16828033579181775 0.005
    endloop
  endfacet
  facet normal -0.7883464276266017 -0.6152315905806327 0.0
    outer loop
      vertex 0.15983962342596775 0.17021503477537836 -0.005
      vertex 0.16134947733186317 0.16828033579181775 0.005
      vertex 0.15983962342596775 0.17021503477537836 0.005
    endloop
  endfacet
  facet normal -0.7572088465064931 -0.6531728429537669 0.0
    outer loop
      vertex 0.16134947733186317 0.16828033579181775 -0.005
      vertex 0.16295244373225204 0.16642205225764908 -0.005
      vertex 0.16295244373225204 0.16642205225764908 0.005
    endloop
  endfacet
  facet normal -0.7572088465064931 -0.6531728429537669 0.0
    outer loop
      vertex 0.16134947733186317 0.16828033579181775 -0.005
      vertex 0.16295244373225204 0.16642205225764908 0.005
      vertex 0.16134947733186317 0.16828033579181775 0.005
    endloop
  endfacet
  facet normal -0.7242470829514619 -0.6895405447370722 0.0
    outer loop
      vertex 0.16295244373225204 0.16642205225764908 -0.005
      vertex 0.16464466094067262 0.16464466094067265 -0.005
      vertex 0.16464466094067262 0.16464466094067265 0.005
    endloop
  endfacet
  facet normal -0.7242470829514619 -0.6895405447370722 0.0
    outer loop
      vertex 0.16295244373225204 0.16642205225764908 -0.005
      vertex 0.16464466094067262 0.16464466094067265 0.005
      vertex 0.16295244373225204 0.16642205225764908 0.005
    endloop
  endfacet
  facet normal -0.6895405447370665 -0.7242470829514673 0.0
    outer loop
      vertex 0.16464466094067262 0.16464466094067265 -0.005
      vertex 0.16642205225764908 0.16295244373225207 -0.005
      vertex 0.16642205225764908 0.16295244373225207 0.005
    endloop
  endfacet
  facet normal -0.6895405447370665 -0.7242470829514673 0.0
    outer loop
      vertex 0.16464466094067262 0.16464466094067265 -0.005
      vertex 0.16642205225764908 0.16295244373225207 0.005
      vertex 0.16464466094067262 0.16464466094067265 0.005
    endloop
  endfacet
  facet normal -0.6531728429537789 -0.7572088465064827 0.0
    outer loop
      vertex 0.16642205225764908 0.16295244373225207 -0.005
      vertex 0.16828033579181773 0.16134947733186317 -0.005
      vertex 0.16828033579181773 0.16134947733186317 0.005
    endloop
  endfacet
  facet normal -0.6531728429537789 -0.7572088465064827 0.0
    outer loop
      vertex 0.16642205225764908 0.16295244373225207 -0.005
      vertex 0.16828033579181773 0.16134947733186317 0.005
      vertex 0.16642205225764908 0.16295244373225207 0.005
    endloop
  endfacet
  facet normal -0.6152315905806273 -0.788346427626606 0.0
    outer loop
      vertex 0.16828033579181773 0.16134947733186317 -0.005
      vertex 0.17021503477537836 0.15983962342596775 -0.005
      vertex 0.17021503477537836 0.15983962342596775 0.005
    endloop
  endfacet
  facet normal -0.6152315905806273 -0.788346427626606 0.0
    outer loop
      vertex 0.16828033579181773 0.16134947733186317 -0.005
      vertex 0.17021503477537836 0.15983962342596775 0.005
      vertex 0.16828033579181773 0.16134947733186317 0.005
    endloop
  endfacet
  facet normal -0.5758081914178474 -0.8175848131515822 0.0
    outer loop
      vertex 0.17021503477537836 0.15983962342596775 -0.005
      vertex 0.1722214883490199 0.15842651938487273 -0.005
      vertex 0.1722214883490199 0.15842651938487273 0.005
    endloop
  endfacet
  facet normal -0.5758081914178474 -0.8175848131515822 0.0
    outer loop
      vertex 0.17021503477537836 0.15983962342596775 -0.005
      vertex 0.1722214883490199 0.15842651938487273 0.005
      vertex 0.17021503477537836 0.15983962342596775 0.005
    endloop
  endfacet
  facet normal -0.534997619887096 -0.8448535652497077 0.0
    outer loop
      vertex 0.1722214883490199 0.15842651938487273 -0.005
      vertex 0.17429486279033893 0.1571135694999864 -0.005
      vertex 0.17429486279033893 0.1571135694999864 0.005
    endloop
  endfacet
  facet normal -0.534997619887096 -0.8448535652497077 0.0
    outer loop
      vertex 0.1722214883490199 0.15842651938487273 -0.005
      vertex 0.17429486279033893 0.1571135694999864 0.005
      vertex 0.1722214883490199 0.15842651938487273 0.005
    endloop
  endfacet
  facet normal -0.4928981922297807 -0.8700869911087133 0.0
    outer loop
      vertex 0.17429486279033893 0.1571135694999864 -0.005
      vertex 0.1764301631587001 0.15590393678258227 -0.005
      vertex 0.1764301631587001 0.15590393678258227 0.005
    endloop
  endfacet
  facet normal -0.4928981922297807 -0.8700869911087133 0.0
    outer loop
      vertex 0.17429486279033893 0.1571135694999864 -0.005
      vertex 0.1764301631587001 0.15590393678258227 0.005
      vertex 0.17429486279033893 0.1571135694999864 0.005
    endloop
  endfacet
  facet normal -0.4496113296546096 -0.893224301195514 0.0
    outer loop
      vertex 0.1764301631587001 0.15590393678258227 -0.005
      vertex 0.1786222453284859 0.15480053534382784 -0.005
      vertex 0.1786222453284859 0.15480053534382784 0.005
    endloop
  endfacet
  facet normal -0.4496113296546096 -0.893224301195514 0.0
    outer loop
      vertex 0.1764301631587001 0.15590393678258227 -0.005
      vertex 0.1786222453284859 0.15480053534382784 0.005
      vertex 0.1764301631587001 0.15590393678258227 0.005
    endloop
  endfacet
  facet normal -0.40524131400498437 -0.914209755703533 0.0
    outer loop
      vertex 0.1786222453284859 0.15480053534382784 -0.005
      vertex 0.1808658283817455 0.1538060233744357 -0.005
      vertex 0.1808658283817455 0.1538060233744357 0.005
    endloop
  endfacet
  facet normal -0.40524131400498437 -0.914209755703533 0.0
    outer loop
      vertex 0.1786222453284859 0.15480053534382784 -0.005
      vertex 0.1808658283817455 0.1538060233744357 0.005
      vertex 0.1786222453284859 0.15480053534382784 0.005
    endloop
  endfacet
  facet normal -0.359895036534993 -0.932992798834737 0.0
    outer loop
      vertex 0.1808658283817455 0.1538060233744357 -0.005
      vertex 0.18315550733038902 0.15292279674084897 -0.005
      vertex 0.18315550733038902 0.15292279674084897 0.005
    endloop
  endfacet
  facet normal -0.359895036534993 -0.932992798834737 0.0
    outer loop
      vertex 0.1808658283817455 0.1538060233744357 -0.005
      vertex 0.18315550733038902 0.15292279674084897 0.005
      vertex 0.1808658283817455 0.1538060233744357 0.005
    endloop
  endfacet
  facet normal -0.3136817403988886 -0.9495281805930376 0.0
    outer loop
      vertex 0.18315550733038902 0.15292279674084897 -0.005
      vertex 0.18548576613727688 0.15215298321338958 -0.005
      vertex 0.18548576613727688 0.15215298321338958 0.005
    endloop
  endfacet
  facet normal -0.3136817403988886 -0.9495281805930376 0.0
    outer loop
      vertex 0.18315550733038902 0.15292279674084897 -0.005
      vertex 0.18548576613727688 0.15215298321338958 0.005
      vertex 0.18315550733038902 0.15292279674084897 0.005
    endloop
  endfacet
  facet normal -0.26671275747490847 -0.9637760657954371 0.0
    outer loop
      vertex 0.18548576613727688 0.15215298321338958 -0.005
      vertex 0.1878509910048368 0.1514984373402728 -0.005
      vertex 0.1878509910048368 0.1514984373402728 0.005
    endloop
  endfacet
  facet normal -0.26671275747490847 -0.9637760657954371 0.0
    outer loop
      vertex 0.18548576613727688 0.15215298321338958 -0.005
      vertex 0.1878509910048368 0.1514984373402728 0.005
      vertex 0.18548576613727688 0.15215298321338958 0.005
    endloop
  endfacet
  facet normal -0.21910124015685903 -0.9757021300385309 0.0
    outer loop
      vertex 0.1878509910048368 0.1514984373402728 -0.005
      vertex 0.19024548389919357 0.1509607359798385 -0.005
      vertex 0.19024548389919357 0.1509607359798385 0.005
    endloop
  endfacet
  facet normal -0.21910124015685903 -0.9757021300385309 0.0
    outer loop
      vertex 0.1878509910048368 0.1514984373402728 -0.005
      vertex 0.19024548389919357 0.1509607359798385 0.005
      vertex 0.1878509910048368 0.1514984373402728 0.005
    endloop
  endfacet
  facet normal -0.17096188876030427 -0.9852776423889407 0.0
    outer loop
      vertex 0.19024548389919357 0.1509607359798385 -0.005
      vertex 0.1926634762772319 0.15054117450176097 -0.005
      vertex 0.1926634762772319 0.15054117450176097 0.005
    endloop
  endfacet
  facet normal -0.17096188876030427 -0.9852776423889407 0.0
    outer loop
      vertex 0.19024548389919357 0.1509607359798385 -0.005
      vertex 0.1926634762772319 0.15054117450176097 0.005
      vertex 0.19024548389919357 0.1509607359798385 0.005
    endloop
  endfacet
  facet normal -0.12241067519921708 -0.9924795345987099 0.0
    outer loop
      vertex 0.1926634762772319 0.15054117450176097 -0.005
      vertex 0.195099142983522 0.15024076366639016 -0.005
      vertex 0.195099142983522 0.15024076366639016 0.005
    endloop
  endfacet
  facet normal -0.12241067519921708 -0.9924795345987099 0.0
    outer loop
      vertex 0.1926634762772319 0.15054117450176097 -0.005
      vertex 0.195099142983522 0.15024076366639016 0.005
      vertex 0.1926634762772319 0.15054117450176097 0.005
    endloop
  endfacet
  facet normal -0.07356456359967185 -0.99729045667869 0.0
    outer loop
      vertex 0.195099142983522 0.15024076366639016 -0.005
      vertex 0.1975466162836291 0.15006022718974138 -0.005
      vertex 0.1975466162836291 0.15006022718974138 0.005
    endloop
  endfacet
  facet normal -0.07356456359967185 -0.99729045667869 0.0
    outer loop
      vertex 0.195099142983522 0.15024076366639016 -0.005
      vertex 0.1975466162836291 0.15006022718974138 0.005
      vertex 0.195099142983522 0.15024076366639016 0.005
    endloop
  endfacet
  facet normal -0.024541228522902896 -0.9996988186962045 0.0
    outer loop
      vertex 0.1975466162836291 0.15006022718974138 -0.005
      vertex 0.2 0.15000000000000002 -0.005
      vertex 0.2 0.15000000000000002 0.005
    endloop
  endfacet
  facet normal -0.024541228522902896 -0.9996988186962045 0.0
    outer loop
      vertex 0.1975466162836291 0.15006022718974138 -0.005
      vertex 0.2 0.15000000000000002 0.005
      vertex 0.1975466162836291 0.15006022718974138 0.005
    endloop
  endfacet
  facet normal 0.02454122852290317 -0.9996988186962045 0.0
    outer loop
      vertex 0.2 0.15000000000000002 -0.005
      vertex 0.2024533837163709 0.15006022718974138 -0.005
      vertex 0.2024533837163709 0.15006022718974138 0.005
    endloop
  endfacet
  facet normal 0.02454122852290317 -0.9996988186962045 0.0
    outer loop
      vertex 0.2 0.15000000000000002 -0.005
      vertex 0.2024533837163709 0.15006022718974138 0.005
      vertex 0.2 0.15000000000000002 0.005
    endloop
  endfacet
  facet normal 0.07356456359967185 -0.99729045667869 0.0
    outer loop
      vertex 0.2024533837163709 0.15006022718974138 -0.005
      vertex 0.204900857016478 0.15024076366639016 -0.005
      vertex 0.204900857016478 0.15024076366639016 0.005
    endloop
  endfacet
  facet normal 0.07356456359967185 -0.99729045667869 0.0
    outer loop
      vertex 0.2024533837163709 0.15006022718974138 -0.005
      vertex 0.204900857016478 0.15024076366639016 0.005
      vertex 0.2024533837163709 0.15006022718974138 0.005
    endloop
  endfacet
  facet normal 0.12241067519921572 -0.9924795345987101 0.0
    outer loop
      vertex 0.204900857016478 0.15024076366639016 -0.005
      vertex 0.20733652372276812 0.15054117450176097 -0.005
      vertex 0.20733652372276812 0.15054117450176097 0.005
    endloop
  endfacet
  facet normal 0.12241067519921572 -0.9924795345987101 0.0
    outer loop
      vertex 0.204900857016478 0.15024076366639016 -0.005
      vertex 0.20733652372276812 0.15054117450176097 0.005
      vertex 0.204900857016478 0.15024076366639016 0.005
    endloop
  endfacet
  facet normal 0.17096188876030619 -0.9852776423889403 0.0
    outer loop
      vertex 0.20733652372276812 0.15054117450176097 -0.005
      vertex 0.20975451610080642 0.1509607359798385 -0.005
      vertex 0.20975451610080642 0.1509607359798385 0.005
    endloop
  endfacet
  facet normal 0.17096188876030619 -0.9852776423889403 0.0
    outer loop
      vertex 0.20733652372276812 0.15054117450176097 -0.005
      vertex 0.20975451610080642 0.1509607359798385 0.005
      vertex 0.20733652372276812 0.15054117450176097 0.005
    endloop
  endfacet
  facet normal 0.21910124015685903 -0.9757021300385309 0.0
    outer loop
      vertex 0.20975451610080642 0.1509607359798385 -0.005
      vertex 0.2121490089951632 0.1514984373402728 -0.005
      vertex 0.2121490089951632 0.1514984373402728 0.005
    endloop
  endfacet
  facet normal 0.21910124015685903 -0.9757021300385309 0.0
    outer loop
      vertex 0.20975451610080642 0.1509607359798385 -0.005
      vertex 0.2121490089951632 0.1514984373402728 0.005
      vertex 0.20975451610080642 0.1509607359798385 0.005
    endloop
  endfacet
  facet normal 0.266712757474898 -0.9637760657954401 0.0
    outer loop
      vertex 0.2121490089951632 0.1514984373402728 -0.005
      vertex 0.2145142338627231 0.15215298321338955 -0.005
      vertex 0.2145142338627231 0.15215298321338955 0.005
    endloop
  endfacet
  facet normal 0.266712757474898 -0.9637760657954401 0.0
    outer loop
      vertex 0.2121490089951632 0.1514984373402728 -0.005
      vertex 0.2145142338627231 0.15215298321338955 0.005
      vertex 0.2121490089951632 0.1514984373402728 0.005
    endloop
  endfacet
  facet normal 0.3136817403988988 -0.9495281805930342 0.0
    outer loop
      vertex 0.2145142338627231 0.15215298321338955 -0.005
      vertex 0.21684449266961098 0.15292279674084897 -0.005
      vertex 0.21684449266961098 0.15292279674084897 0.005
    endloop
  endfacet
  facet normal 0.3136817403988988 -0.9495281805930342 0.0
    outer loop
      vertex 0.2145142338627231 0.15215298321338955 -0.005
      vertex 0.21684449266961098 0.15292279674084897 0.005
      vertex 0.2145142338627231 0.15215298321338955 0.005
    endloop
  endfacet
  facet normal 0.35989503653497934 -0.9329927988347424 0.0
    outer loop
      vertex 0.21684449266961098 0.15292279674084897 -0.005
      vertex 0.21913417161825452 0.15380602337443566 -0.005
      vertex 0.21913417161825452 0.15380602337443566 0.005
    endloop
  endfacet
  facet normal 0.35989503653497934 -0.9329927988347424 0.0
    outer loop
      vertex 0.21684449266961098 0.15292279674084897 -0.005
      vertex 0.21913417161825452 0.15380602337443566 0.005
      vertex 0.21684449266961098 0.15292279674084897 0.005
    endloop
  endfacet
  facet normal 0.40524131400499797 -0.914209755703527 0.0
    outer loop
      vertex 0.21913417161825452 0.15380602337443566 -0.005
      vertex 0.2213777546715141 0.15480053534382784 -0.005
      vertex 0.2213777546715141 0.15480053534382784 0.005
    endloop
  endfacet
  facet normal 0.40524131400499797 -0.914209755703527 0.0
    outer loop
      vertex 0.21913417161825452 0.15380602337443566 -0.005
      vertex 0.2213777546715141 0.15480053534382784 0.005
      vertex 0.21913417161825452 0.15380602337443566 0.005
    endloop
  endfacet
  facet normal 0.4496113296546005 -0.8932243011955184 0.0
    outer loop
      vertex 0.2213777546715141 0.15480053534382784 -0.005
      vertex 0.22356983684129988 0.15590393678258224 -0.005
      vertex 0.22356983684129988 0.15590393678258224 0.005
    endloop
  endfacet
  facet normal 0.4496113296546005 -0.8932243011955184 0.0
    outer loop
      vertex 0.2213777546715141 0.15480053534382784 -0.005
      vertex 0.22356983684129988 0.15590393678258224 0.005
      vertex 0.2213777546715141 0.15480053534382784 0.005
    endloop
  endfacet
  facet normal 0.49289819222978437 -0.8700869911087112 0.0
    outer loop
      vertex 0.22356983684129988 0.15590393678258224 -0.005
      vertex 0.2257051372096611 0.1571135694999864 -0.005
      vertex 0.2257051372096611 0.1571135694999864 0.005
    endloop
  endfacet
  facet normal 0.49289819222978437 -0.8700869911087112 0.0
    outer loop
      vertex 0.22356983684129988 0.15590393678258224 -0.005
      vertex 0.2257051372096611 0.1571135694999864 0.005
      vertex 0.22356983684129988 0.15590393678258224 0.005
    endloop
  endfacet
  facet normal 0.534997619887096 -0.8448535652497077 0.0
    outer loop
      vertex 0.2257051372096611 0.1571135694999864 -0.005
      vertex 0.22777851165098012 0.15842651938487273 -0.005
      vertex 0.22777851165098012 0.15842651938487273 0.005
    endloop
  endfacet
  facet normal 0.534997619887096 -0.8448535652497077 0.0
    outer loop
      vertex 0.2257051372096611 0.1571135694999864 -0.005
      vertex 0.22777851165098012 0.15842651938487273 0.005
      vertex 0.2257051372096611 0.1571135694999864 0.005
    endloop
  endfacet
  facet normal 0.5758081914178474 -0.8175848131515822 0.0
    outer loop
      vertex 0.22777851165098012 0.15842651938487273 -0.005
      vertex 0.22978496522462166 0.15983962342596775 -0.005
      vertex 0.22978496522462166 0.15983962342596775 0.005
    endloop
  endfacet
  facet normal 0.5758081914178474 -0.8175848131515822 0.0
    outer loop
      vertex 0.22777851165098012 0.15842651938487273 -0.005
      vertex 0.22978496522462166 0.15983962342596775 0.005
      vertex 0.22777851165098012 0.15842651938487273 0.005
    endloop
  endfacet
  facet normal 0.6152315905806273 -0.788346427626606 0.0
    outer loop
      vertex 0.22978496522462166 0.15983962342596775 -0.005
      vertex 0.2317196642081823 0.16134947733186317 -0.005
      vertex 0.2317196642081823 0.16134947733186317 0.005
    endloop
  endfacet
  facet normal 0.6152315905806273 -0.788346427626606 0.0
    outer loop
      vertex 0.22978496522462166 0.15983962342596775 -0.005
      vertex 0.2317196642081823 0.16134947733186317 0.005
      vertex 0.22978496522462166 0.15983962342596775 0.005
    endloop
  endfacet
  facet normal 0.6531728429537724 -0.7572088465064883 0.0
    outer loop
      vertex 0.2317196642081823 0.16134947733186317 -0.005
      vertex 0.23357794774235094 0.16295244373225204 -0.005
      vertex 0.23357794774235094 0.16295244373225204 0.005
    endloop
  endfacet
  facet normal 0.6531728429537724 -0.7572088465064883 0.0
    outer loop
      vertex 0.2317196642081823 0.16134947733186317 -0.005
      vertex 0.23357794774235094 0.16295244373225204 0.005
      vertex 0.2317196642081823 0.16134947733186317 0.005
    endloop
  endfacet
  facet normal 0.6895405447370722 -0.7242470829514619 0.0
    outer loop
      vertex 0.23357794774235094 0.16295244373225204 -0.005
      vertex 0.23535533905932737 0.16464466094067262 -0.005
      vertex 0.23535533905932737 0.16464466094067262 0.005
    endloop
  endfacet
  facet normal 0.6895405447370722 -0.7242470829514619 0.0
    outer loop
      vertex 0.23357794774235094 0.16295244373225204 -0.005
      vertex 0.23535533905932737 0.16464466094067262 0.005
      vertex 0.23357794774235094 0.16295244373225204 0.005
    endloop
  endfacet
  facet normal 0.7242470829514673 -0.6895405447370665 0.0
    outer loop
      vertex 0.23535533905932737 0.16464466094067262 -0.005
      vertex 0.23704755626774796 0.16642205225764908 -0.005
      vertex 0.23704755626774796 0.16642205225764908 0.005
    endloop
  endfacet
  facet normal 0.7242470829514673 -0.6895405447370665 0.0
    outer loop
      vertex 0.23535533905932737 0.16464466094067262 -0.005
      vertex 0.23704755626774796 0.16642205225764908 0.005
      vertex 0.23535533905932737 0.16464466094067262 0.005
    endloop
  endfacet
  facet normal 0.7572088465064827 -0.6531728429537789 0.0
    outer loop
      vertex 0.23704755626774796 0.16642205225764908 -0.005
      vertex 0.23865052266813686 0.16828033579181773 -0.005
      vertex 0.23865052266813686 0.16828033579181773 0.005
    endloop
  endfacet
  facet normal 0.7572088465064827 -0.6531728429537789 0.0
    outer loop
      vertex 0.23704755626774796 0.16642205225764908 -0.005
      vertex 0.23865052266813686 0.16828033579181773 0.005
      vertex 0.23704755626774796 0.16642205225764908 0.005
    endloop
  endfacet
  facet normal 0.788346427626606 -0.6152315905806273 0.0
    outer loop
      vertex 0.23865052266813686 0.16828033579181773 -0.005
      vertex 0.24016037657403227 0.17021503477537836 -0.005
      vertex 0.24016037657403227 0.17021503477537836 0.005
    endloop
  endfacet
  facet normal 0.788346427626606 -0.6152315905806273 0.0
    outer loop
      vertex 0.23865052266813686 0.16828033579181773 -0.005
      vertex 0.24016037657403227 0.17021503477537836 0.005
      vertex 0.23865052266813686 0.16828033579181773 0.005
    endloop
  endfacet
  facet normal 0.8175848131515822 -0.5758081914178474 0.0
    outer loop
      vertex 0.24016037657403227 0.17021503477537836 -0.005
      vertex 0.2415734806151273 0.1722214883490199 -0.005
      vertex 0.2415734806151273 0.1722214883490199 0.005
    endloop
  endfacet
  facet normal 0.8175848131515822 -0.5758081914178474 0.0
    outer loop
      vertex 0.24016037657403227 0.17021503477537836 -0.005
      vertex 0.2415734806151273 0.1722214883490199 0.005
      vertex 0.24016037657403227 0.17021503477537836 0.005
    endloop
  endfacet
  facet normal 0.8448535652497046 -0.5349976198871013 0.0
    outer loop
      vertex 0.2415734806151273 0.1722214883490199 -0.005
      vertex 0.24288643050001363 0.1742948627903389 -0.005
      vertex 0.24288643050001363 0.1742948627903389 0.005
    endloop
  endfacet
  facet normal 0.8448535652497046 -0.5349976198871013 0.0
    outer loop
      vertex 0.2415734806151273 0.1722214883490199 -0.005
      vertex 0.24288643050001363 0.1742948627903389 0.005
      vertex 0.2415734806151273 0.1722214883490199 0.005
    endloop
  endfacet
  facet normal 0.8700869911087161 -0.49289819222977577 0.0
    outer loop
      vertex 0.24288643050001363 0.1742948627903389 -0.005
      vertex 0.24409606321741775 0.1764301631587001 -0.005
      vertex 0.24409606321741775 0.1764301631587001 0.005
    endloop
  endfacet
  facet normal 0.8700869911087161 -0.49289819222977577 0.0
    outer loop
      vertex 0.24288643050001363 0.1742948627903389 -0.005
      vertex 0.24409606321741775 0.1764301631587001 0.005
      vertex 0.24288643050001363 0.1742948627903389 0.005
    endloop
  endfacet
  facet normal 0.893224301195514 -0.4496113296546096 0.0
    outer loop
      vertex 0.24409606321741775 0.1764301631587001 -0.005
      vertex 0.24519946465617218 0.1786222453284859 -0.005
      vertex 0.24519946465617218 0.1786222453284859 0.005
    endloop
  endfacet
  facet normal 0.893224301195514 -0.4496113296546096 0.0
    outer loop
      vertex 0.24409606321741775 0.1764301631587001 -0.005
      vertex 0.24519946465617218 0.1786222453284859 0.005
      vertex 0.24409606321741775 0.1764301631587001 0.005
    endloop
  endfacet
  facet normal 0.9142097557035314 -0.40524131400498864 0.0
    outer loop
      vertex 0.24519946465617218 0.1786222453284859 -0.005
      vertex 0.24619397662556433 0.18086582838174547 -0.005
      vertex 0.24619397662556433 0.18086582838174547 0.005
    endloop
  endfacet
  facet normal 0.9142097557035314 -0.40524131400498864 0.0
    outer loop
      vertex 0.24519946465617218 0.1786222453284859 -0.005
      vertex 0.24619397662556433 0.18086582838174547 0.005
      vertex 0.24519946465617218 0.1786222453284859 0.005
    endloop
  endfacet
  facet normal 0.9329927988347385 -0.3598950365349892 0.0
    outer loop
      vertex 0.24619397662556433 0.18086582838174547 -0.005
      vertex 0.24707720325915106 0.18315550733038902 -0.005
      vertex 0.24707720325915106 0.18315550733038902 0.005
    endloop
  endfacet
  facet normal 0.9329927988347385 -0.3598950365349892 0.0
    outer loop
      vertex 0.24619397662556433 0.18086582838174547 -0.005
      vertex 0.24707720325915106 0.18315550733038902 0.005
      vertex 0.24619397662556433 0.18086582838174547 0.005
    endloop
  endfacet
  facet normal 0.9495281805930376 -0.3136817403988886 0.0
    outer loop
      vertex 0.24707720325915106 0.18315550733038902 -0.005
      vertex 0.24784701678661045 0.18548576613727688 -0.005
      vertex 0.24784701678661045 0.18548576613727688 0.005
    endloop
  endfacet
  facet normal 0.9495281805930376 -0.3136817403988886 0.0
    outer loop
      vertex 0.24707720325915106 0.18315550733038902 -0.005
      vertex 0.24784701678661045 0.18548576613727688 0.005
      vertex 0.24707720325915106 0.18315550733038902 0.005
    endloop
  endfacet
  facet normal 0.9637760657954371 -0.26671275747490847 0.0
    outer loop
      vertex 0.24784701678661045 0.18548576613727688 -0.005
      vertex 0.24850156265972723 0.1878509910048368 -0.005
      vertex 0.24850156265972723 0.1878509910048368 0.005
    endloop
  endfacet
  facet normal 0.9637760657954371 -0.26671275747490847 0.0
    outer loop
      vertex 0.24784701678661045 0.18548576613727688 -0.005
      vertex 0.24850156265972723 0.1878509910048368 0.005
      vertex 0.24784701678661045 0.18548576613727688 0.005
    endloop
  endfacet
  facet normal 0.9757021300385309 -0.21910124015685903 0.0
    outer loop
      vertex 0.24850156265972723 0.1878509910048368 -0.005
      vertex 0.24903926402016152 0.19024548389919357 -0.005
      vertex 0.24903926402016152 0.19024548389919357 0.005
    endloop
  endfacet
  facet normal 0.9757021300385309 -0.21910124015685903 0.0
    outer loop
      vertex 0.24850156265972723 0.1878509910048368 -0.005
      vertex 0.24903926402016152 0.19024548389919357 0.005
      vertex 0.24850156265972723 0.1878509910048368 0.005
    endloop
  endfacet
  facet normal 0.9852776423889407 -0.17096188876030427 0.0
    outer loop
      vertex 0.24903926402016152 0.19024548389919357 -0.005
      vertex 0.24945882549823906 0.1926634762772319 -0.005
      vertex 0.24945882549823906 0.1926634762772319 0.005
    endloop
  endfacet
  facet normal 0.9852776423889407 -0.17096188876030427 0.0
    outer loop
      vertex 0.24903926402016152 0.19024548389919357 -0.005
      vertex 0.24945882549823906 0.1926634762772319 0.005
      vertex 0.24903926402016152 0.19024548389919357 0.005
    endloop
  endfacet
  facet normal 0.9924795345987099 -0.12241067519921708 0.0
    outer loop
      vertex 0.24945882549823906 0.1926634762772319 -0.005
      vertex 0.24975923633360986 0.195099142983522 -0.005
      vertex 0.24975923633360986 0.195099142983522 0.005
    endloop
  endfacet
  facet normal 0.9924795345987099 -0.12241067519921708 0.0
    outer loop
      vertex 0.24945882549823906 0.1926634762772319 -0.005
      vertex 0.24975923633360986 0.195099142983522 0.005
      vertex 0.24945882549823906 0.1926634762772319 0.005
    endloop
  endfacet
  facet normal 0.99729045667869 -0.07356456359967185 0.0
    outer loop
      vertex 0.24975923633360986 0.195099142983522 -0.005
      vertex 0.24993977281025864 0.1975466162836291 -0.005
      vertex 0.24993977281025864 0.1975466162836291 0.005
    endloop
  endfacet
  facet normal 0.99729045667869 -0.07356456359967185 0.0
    outer loop
      vertex 0.24975923633360986 0.195099142983522 -0.005
      vertex 0.24993977281025864 0.1975466162836291 0.005
      vertex 0.24975923633360986 0.195099142983522 0.005
    endloop
  endfacet
  facet normal 0.9996988186962045 -0.024541228522902896 0.0
    outer loop
      vertex 0.24993977281025864 0.1975466162836291 -0.005
      vertex 0.25 0.2 -0.005
      vertex 0.25 0.2 0.005
    endloop
  endfacet
  facet normal 0.9996988186962045 -0.024541228522902896 0.0
    outer loop
      vertex 0.24993977281025864 0.1975466162836291 -0.005
      vertex 0.25 0.2 0.005
      vertex 0.24993977281025864 0.1975466162836291 0.005
    endloop
  endfacet
  facet normal 0.0 0.0 -1.0
    outer loop
      vertex 0.2 0.2 -0.005
      vertex 0.24993977281025864 0.20245338371637092 -0.005
      vertex 0.25 0.2 -0.005
    endloop
  endfacet
  facet normal 0.0 0.0 -1.0
    outer loop
      vertex 0.2 0.2 -0.005
      vertex 0.24975923633360986 0.20490085701647803 -0.005
      vertex 0.24993977281025864 0.20245338371637092 -0.005
    endloop
  endfacet
  facet normal 0.0 0.0 -1.0
    outer loop
      vertex 0.2 0.2 -0.005
      vertex 0.24945882549823906 0.2073365237227681 -0.005
      vertex 0.24975923633360986 0.20490085701647803 -0.005
    endloop
  endfacet
  facet normal 0.0 0.0 -1.0
    outer loop
      vertex 0.2 0.2 -0.005
      vertex 0.24903926402016152 0.20975451610080642 -0.005
      vertex 0.24945882549823906 0.2073365237227681 -0.005
    endloop
  endfacet
  facet normal 0.0 0.0 -1.0
    outer loop
      vertex 0.2 0.2 -0.005
      vertex 0.24850156265972723 0.2121490089951632 -0.005
      vertex 0.24903926402016152 0.20975451610080642 -0.005
    endloop
  endfacet
  facet normal 0.0 0.0 -1.0
    outer loop
      vertex 0.2 0.2 -0.005
      vertex 0.24784701678661045 0.2145142338627231 -0.005
      vertex 0.24850156265972723 0.2121490089951632 -0.005
    endloop
  endfacet
  facet normal 0.0 0.0 -1.0
    outer loop
      vertex 0.2 0.2 -0.005
      vertex 0.24707720325915106 0.216844492669611 -0.005
      vertex 0.24784701678661045 0.2145142338627231 -0.005
    endloop
  endfacet
  facet normal 0.0 0.0 -1.0
    outer loop
      vertex 0.2 0.2 -0.005
      vertex 0.24619397662556436 0.2191341716182545 -0.005
      vertex 0.24707720325915106 0.216844492669611 -0.005
    endloop
  endfacet
  facet normal 0.0 0.0 -1.0
    outer loop
      vertex 0.2 0.2 -0.005
      vertex 0.24519946465617218 0.2213777546715141 -0.005
      vertex 0.24619397662556436 0.2191341716182545 -0.005
    endloop
  endfacet
  facet normal 0.0 0.0 -1.0
    outer loop
      vertex 0.2 0.2 -0.005
      vertex 0.24409606321741778 0.22356983684129988 -0.005
      vertex 0.24519946465617218 0.2213777546715141 -0.005
    endloop
  endfacet
  facet normal 0.0 0.0 -1.0
    outer loop
      vertex 0.2 0.2 -0.005
      vertex 0.24288643050001363 0.2257051372096611 -0.005
      vertex 0.24409606321741778 0.22356983684129988 -0.005
    endloop
  endfacet
  facet normal 0.0 0.0 -1.0
    outer loop
      vertex 0.2 0.2 -0.005
      vertex 0.2415734806151273 0.22777851165098012 -0.005
      vertex 0.24288643050001363 0.2257051372096611 -0.005
    endloop
  endfacet
  facet normal 0.0 0.0 -1.0
    outer loop
      vertex 0.2 0.2 -0.005
      vertex 0.24016037657403227 0.2297849652246217 -0.005
      vertex 0.2415734806151273 0.22777851165098012 -0.005
    endloop
  endfacet
  facet normal 0.0 0.0 -1.0
    outer loop
      vertex 0.2 0.2 -0.005
      vertex 0.23865052266813686 0.2317196642081823 -0.005
      vertex 0.24016037657403227 0.2297849652246217 -0.005
    endloop
  endfacet
  facet normal 0.0 0.0 -1.0
    outer loop
      vertex 0.2 0.2 -0.005
      vertex 0.23704755626774798 0.23357794774235094 -0.005
      vertex 0.23865052266813686 0.2317196642081823 -0.005
    endloop
  endfacet
  facet normal 0.0 0.0 -1.0
    outer loop
      vertex 0.2 0.2 -0.005
      vertex 0.2353553390593274 0.23535533905932737 -0.005
      vertex 0.23704755626774798 0.23357794774235094 -0.005
    endloop
  endfacet
  facet normal 0.0 0.0 -1.0
    outer loop
      vertex 0.2 0.2 -0.005
      vertex 0.23357794774235094 0.23704755626774798 -0.005
      vertex 0.2353553390593274 0.23535533905932737 -0.005
    endloop
  endfacet
  facet normal 0.0 0.0 -1.0
    outer loop
      vertex 0.2 0.2 -0.005
      vertex 0.2317196642081823 0.23865052266813686 -0.005
      vertex 0.23357794774235094 0.23704755626774798 -0.005
    endloop
  endfacet
  facet normal 0.0 0.0 -1.0
    outer loop
      vertex 0.2 0.2 -0.005
      vertex 0.2297849652246217 0.24016037657403225 -0.005
      vertex 0.2317196642081823 0.23865052266813686 -0.005
    endloop
  endfacet
  facet normal 0.0 0.0 -1.0
    outer loop
      vertex 0.2 0.2 -0.005
      vertex 0.22777851165098012 0.2415734806151273 -0.005
      vertex 0.2297849652246217 0.24016037657403225 -0.005
    endloop
  endfacet
  facet normal 0.0 0.0 -1.0
    outer loop
      vertex 0.2 0.2 -0.005
      vertex 0.2257051372096611 0.24288643050001363 -0.005
      vertex 0.22777851165098012 0.2415734806151273 -0.005
    endloop
  endfacet
  facet normal 0.0 0.0 -1.0
    outer loop
      vertex 0.2 0.2 -0.005
      vertex 0.2235698368412999 0.24409606321741775 -0.005
      vertex 0.2257051372096611 0.24288643050001363 -0.005
    endloop
  endfacet
  facet normal 0.0 0.0 -1.0
    outer loop
      vertex 0.2 0.2 -0.005
      vertex 0.22137775467151413 0.24519946465617218 -0.005
      vertex 0.2235698368412999 0.24409606321741775 -0.005
    endloop
  endfacet
  facet normal 0.0 0.0 -1.0
    outer loop
      vertex 0.2 0.2 -0.005
      vertex 0.2191341716182545 0.24619397662556436 -0.005
      vertex 0.22137775467151413 0.24519946465617218 -0.005
    endloop
  endfacet
  facet normal 0.0 0.0 -1.0
    outer loop
      vertex 0.2 0.2 -0.005
      vertex 0.216844492669611 0.24707720325915106 -0.005
      vertex 0.2191341716182545 0.24619397662556436 -0.005
    endloop
  endfacet
  facet normal 0.0 0.0 -1.0
    outer loop
      vertex 0.2 0.2 -0.005
      vertex 0.2145142338627231 0.24784701678661047 -0.005
      vertex 0.216844492669611 0.24707720325915106 -0.005
    endloop
  endfacet
  facet normal 0.0 0.0 -1.0
    outer loop
      vertex 0.2 0.2 -0.005
      vertex 0.2121490089951632 0.24850156265972723 -0.005
      vertex 0.2145142338627231 0.24784701678661047 -0.005
    endloop
  endfacet
  facet normal 0.0 0.0 -1.0
    outer loop
      vertex 0.2 0.2 -0.005
      vertex 0.20975451610080642 0.24903926402016152 -0.005
      vertex 0.2121490089951632 0.24850156265972723 -0.005
    endloop
  endfacet
  facet normal 0.0 0.0 -1.0
    outer loop
      vertex 0.2 0.2 -0.005
      vertex 0.2073365237227681 0.24945882549823906 -0.005
      vertex 0.20975451610080642 0.24903926402016152 -0.005
    endloop
  endfacet
  facet normal 0.0 0.0 -1.0
    outer loop
      vertex 0.2 0.2 -0.005
      vertex 0.20490085701647806 0.24975923633360986 -0.005
      vertex 0.2073365237227681 0.24945882549823906 -0.005
    endloop
  endfacet
  facet normal 0.0 0.0 -1.0
    outer loop
      vertex 0.2 0.2 -0.005
      vertex 0.20245338371637092 0.24993977281025864 -0.005
      vertex 0.20490085701647806 0.24975923633360986 -0.005
    endloop
  endfacet
  facet normal 0.0 0.0 -1.0
    outer loop
      vertex 0.2 0.2 -0.005
      vertex 0.2 0.25 -0.005
      vertex 0.20245338371637092 0.24993977281025864 -0.005
    endloop
  endfacet
  facet normal 0.0 0.0 -1.0
    outer loop
      vertex 0.2 0.2 -0.005
      vertex 0.1975466162836291 0.24993977281025864 -0.005
      vertex 0.2 0.25 -0.005
    endloop
  endfacet
  facet normal 0.0 0.0 -1.0
    outer loop
      vertex 0.2 0.2 -0.005
      vertex 0.195099142983522 0.24975923633360986 -0.005
      vertex 0.1975466162836291 0.24993977281025864 -0.005
    endloop
  endfacet
  facet normal 0.0 0.0 -1.0
    outer loop
      vertex 0.2 0.2 -0.005
      vertex 0.19266347627723193 0.24945882549823906 -0.005
      vertex 0.195099142983522 0.24975923633360986 -0.005
    endloop
  endfacet
  facet normal 0.0 0.0 -1.0
    outer loop
      vertex 0.2 0.2 -0.005
      vertex 0.1902454838991936 0.24903926402016152 -0.005
      vertex 0.19266347627723193 0.24945882549823906 -0.005
    endloop
  endfacet
  facet normal 0.0 0.0 -1.0
    outer loop
      vertex 0.2 0.2 -0.005
      vertex 0.18785099100483682 0.24850156265972723 -0.005
      vertex 0.1902454838991936 0.24903926402016152 -0.005
    endloop
  endfacet
  facet normal 0.0 0.0 -1.0
    outer loop
      vertex 0.2 0.2 -0.005
      vertex 0.1854857661372769 0.24784701678661047 -0.005
      vertex 0.18785099100483682 0.24850156265972723 -0.005
    endloop
  endfacet
  facet normal 0.0 0.0 -1.0
    outer loop
      vertex 0.2 0.2 -0.005
      vertex 0.18315550733038902 0.24707720325915106 -0.005
      vertex 0.1854857661372769 0.24784701678661047 -0.005
    endloop
  endfacet
  facet normal 0.0 0.0 -1.0
    outer loop
      vertex 0.2 0.2 -0.005
      vertex 0.18086582838174553 0.24619397662556436 -0.005
      vertex 0.18315550733038902 0.24707720325915106 -0.005
    endloop
  endfacet
  facet normal 0.0 0.0 -1.0
    outer loop
      vertex 0.2 0.2 -0.005
      vertex 0.17862224532848592 0.24519946465617218 -0.005
      vertex 0.18086582838174553 0.24619397662556436 -0.005
    endloop
  endfacet
  facet normal 0.0 0.0 -1.0
    outer loop
      vertex 0.2 0.2 -0.005
      vertex 0.17643016315870014 0.24409606321741778 -0.005
      vertex 0.17862224532848592 0.24519946465617218 -0.005
    endloop
  endfacet
  facet normal 0.0 0.0 -1.0
    outer loop
      vertex 0.2 0.2 -0.005
      vertex 0.17429486279033893 0.24288643050001363 -0.005
      vertex 0.17643016315870014 0.24409606321741778 -0.005
    endloop
  endfacet
  facet normal 0.0 0.0 -1.0
    outer loop
      vertex 0.2 0.2 -0.005
      vertex 0.1722214883490199 0.2415734806151273 -0.005
      vertex 0.17429486279033893 0.24288643050001363 -0.005
    endloop
  endfacet
  facet normal 0.0 0.0 -1.0
    outer loop
      vertex 0.2 0.2 -0.005
      vertex 0.17021503477537833 0.24016037657403227 -0.005
      vertex 0.1722214883490199 0.2415734806151273 -0.005
    endloop
  endfacet
  facet normal 0.0 0.0 -1.0
    outer loop
      vertex 0.2 0.2 -0.005
      vertex 0.16828033579181773 0.23865052266813686 -0.005
      vertex 0.17021503477537833 0.24016037657403227 -0.005
    endloop
  endfacet
  facet normal 0.0 0.0 -1.0
    outer loop
      vertex 0.2 0.2 -0.005
      vertex 0.16642205225764908 0.23704755626774796 -0.005
      vertex 0.16828033579181773 0.23865052266813686 -0.005
    endloop
  endfacet
  facet normal 0.0 0.0 -1.0
    outer loop
      vertex 0.2 0.2 -0.005
      vertex 0.16464466094067265 0.2353553390593274 -0.005
      vertex 0.16642205225764908 0.23704755626774796 -0.005
    endloop
  endfacet
  facet normal 0.0 0.0 -1.0
    outer loop
      vertex 0.2 0.2 -0.005
      vertex 0.16295244373225207 0.23357794774235094 -0.005
      vertex 0.16464466094067265 0.2353553390593274 -0.005
    endloop
  endfacet
  facet normal 0.0 0.0 -1.0
    outer loop
      vertex 0.2 0.2 -0.005
      vertex 0.16134947733186317 0.2317196642081823 -0.005
      vertex 0.16295244373225207 0.23357794774235094 -0.005
    endloop
  endfacet
  facet normal 0.0 0.0 -1.0
    outer loop
      vertex 0.2 0.2 -0.005
      vertex 0.15983962342596778 0.2297849652246217 -0.005
      vertex 0.16134947733186317 0.2317196642081823 -0.005
    endloop
  endfacet
  facet normal 0.0 0.0 -1.0
    outer loop
      vertex 0.2 0.2 -0.005
      vertex 0.15842651938487273 0.22777851165098012 -0.005
      vertex 0.15983962342596778 0.2297849652246217 -0.005
    endloop
  endfacet
  facet normal 0.0 0.0 -1.0
    outer loop
      vertex 0.2 0.2 -0.005
      vertex 0.1571135694999864 0.2257051372096611 -0.005
      vertex 0.15842651938487273 0.22777851165098012 -0.005
    endloop
  endfacet
  facet normal 0.0 0.0 -1.0
    outer loop
      vertex 0.2 0.2 -0.005
      vertex 0.15590393678258227 0.2235698368412999 -0.005
      vertex 0.1571135694999864 0.2257051372096611 -0.005
    endloop
  endfacet
  facet normal 0.0 0.0 -1.0
    outer loop
      vertex 0.2 0.2 -0.005
      vertex 0.15480053534382784 0.2213777546715141 -0.005
      vertex 0.15590393678258227 0.2235698368412999 -0.005
    endloop
  endfacet
  facet normal 0.0 0.0 -1.0
    outer loop
      vertex 0.2 0.2 -0.005
      vertex 0.15380602337443566 0.2191341716182545 -0.005
      vertex 0.15480053534382784 0.2213777546715141 -0.005
    endloop
  endfacet
  facet normal 0.0 0.0 -1.0
    outer loop
      vertex 0.2 0.2 -0.005
      vertex 0.15292279674084897 0.21684449266961103 -0.005
      vertex 0.15380602337443566 0.2191341716182545 -0.005
    endloop
  endfacet
  facet normal 0.0 0.0 -1.0
    outer loop
      vertex 0.2 0.2 -0.005
      vertex 0.15215298321338958 0.21451423386272314 -0.005
      vertex 0.15292279674084897 0.21684449266961103 -0.005
    endloop
  endfacet
  facet normal 0.0 0.0 -1.0
    outer loop
      vertex 0.2 0.2 -0.005
      vertex 0.1514984373402728 0.2121490089951632 -0.005
      vertex 0.15215298321338958 0.21451423386272314 -0.005
    endloop
  endfacet
  facet normal 0.0 0.0 -1.0
    outer loop
      vertex 0.2 0.2 -0.005
      vertex 0.1509607359798385 0.20975451610080645 -0.005
      vertex 0.1514984373402728 0.2121490089951632 -0.005
    endloop
  endfacet
  facet normal 0.0 0.0 -1.0
    outer loop
      vertex 0.2 0.2 -0.005
      vertex 0.15054117450176097 0.2073365237227681 -0.005
      vertex 0.1509607359798385 0.20975451610080645 -0.005
    endloop
  endfacet
  facet normal 0.0 0.0 -1.0
    outer loop
      vertex 0.2 0.2 -0.005
      vertex 0.15024076366639016 0.20490085701647806 -0.005
      vertex 0.15054117450176097 0.2073365237227681 -0.005
    endloop
  endfacet
  facet normal 0.0 0.0 -1.0
    outer loop
      vertex 0.2 0.2 -0.005
      vertex 0.15006022718974138 0.20245338371637092 -0.005
      vertex 0.15024076366639016 0.20490085701647806 -0.005
    endloop
  endfacet
  facet normal 0.0 0.0 -1.0
    outer loop
      vertex 0.2 0.2 -0.005
      vertex 0.15000000000000002 0.2 -0.005
      vertex 0.15006022718974138 0.20245338371637092 -0.005
    endloop
  endfacet
  facet normal -0.0 0.0 -1.0
    outer loop
      vertex 0.2 0.2 -0.005
      vertex 0.15006022718974138 0.19754661628362913 -0.005
      vertex 0.15000000000000002 0.2 -0.005
    endloop
  endfacet
  facet normal 0.0 0.0 -1.0
    outer loop
      vertex 0.2 0.2 -0.005
      vertex 0.15024076366639016 0.195099142983522 -0.005
      vertex 0.15006022718974138 0.19754661628362913 -0.005
    endloop
  endfacet
  facet normal 0.0 0.0 -1.0
    outer loop
      vertex 0.2 0.2 -0.005
      vertex 0.15054117450176097 0.19266347627723193 -0.005
      vertex 0.15024076366639016 0.195099142983522 -0.005
    endloop
  endfacet
  facet normal 0.0 0.0 -1.0
    outer loop
      vertex 0.2 0.2 -0.005
      vertex 0.1509607359798385 0.1902454838991936 -0.005
      vertex 0.15054117450176097 0.19266347627723193 -0.005
    endloop
  endfacet
  facet normal 0.0 0.0 -1.0
    outer loop
      vertex 0.2 0.2 -0.005
      vertex 0.1514984373402728 0.18785099100483682 -0.005
      vertex 0.1509607359798385 0.1902454838991936 -0.005
    endloop
  endfacet
  facet normal 0.0 0.0 -1.0
    outer loop
      vertex 0.2 0.2 -0.005
      vertex 0.15215298321338955 0.1854857661372769 -0.005
      vertex 0.1514984373402728 0.18785099100483682 -0.005
    endloop
  endfacet
  facet normal 0.0 0.0 -1.0
    outer loop
      vertex 0.2 0.2 -0.005
      vertex 0.15292279674084897 0.18315550733038902 -0.005
      vertex 0.15215298321338955 0.1854857661372769 -0.005
    endloop
  endfacet
  facet normal 0.0 0.0 -1.0
    outer loop
      vertex 0.2 0.2 -0.005
      vertex 0.15380602337443566 0.18086582838174553 -0.005
      vertex 0.15292279674084897 0.18315550733038902 -0.005
    endloop
  endfacet
  facet normal 0.0 0.0 -1.0
    outer loop
      vertex 0.2 0.2 -0.005
      vertex 0.15480053534382784 0.17862224532848592 -0.005
      vertex 0.15380602337443566 0.18086582838174553 -0.005
    endloop
  endfacet
  facet normal 0.0 0.0 -1.0
    outer loop
      vertex 0.2 0.2 -0.005
      vertex 0.15590393678258224 0.17643016315870014 -0.005
      vertex 0.15480053534382784 0.17862224532848592 -0.005
    endloop
  endfacet
  facet normal 0.0 0.0 -1.0
    outer loop
      vertex 0.2 0.2 -0.005
      vertex 0.1571135694999864 0.17429486279033893 -0.005
      vertex 0.15590393678258224 0.17643016315870014 -0.005
    endloop
  endfacet
  facet normal 0.0 0.0 -1.0
    outer loop
      vertex 0.2 0.2 -0.005
      vertex 0.15842651938487273 0.1722214883490199 -0.005
      vertex 0.1571135694999864 0.17429486279033893 -0.005
    endloop
  endfacet
  facet normal 0.0 0.0 -1.0
    outer loop
      vertex 0.2 0.2 -0.005
      vertex 0.15983962342596775 0.17021503477537836 -0.005
      vertex 0.15842651938487273 0.1722214883490199 -0.005
    endloop
  endfacet
  facet normal 0.0 0.0 -1.0
    outer loop
      vertex 0.2 0.2 -0.005
      vertex 0.16134947733186317 0.16828033579181775 -0.005
      vertex 0.15983962342596775 0.17021503477537836 -0.005
    endloop
  endfacet
  facet normal 0.0 0.0 -1.0
    outer loop
      vertex 0.2 0.2 -0.005
      vertex 0.16295244373225204 0.16642205225764908 -0.005
      vertex 0.16134947733186317 0.16828033579181775 -0.005
    endloop
  endfacet
  facet normal 0.0 0.0 -1.0
    outer loop
      vertex 0.2 0.2 -0.005
      vertex 0.16464466094067262 0.16464466094067265 -0.005
      vertex 0.16295244373225204 0.16642205225764908 -0.005
    endloop
  endfacet
  facet normal 0.0 0.0 -1.0
    outer loop
      vertex 0.2 0.2 -0.005
      vertex 0.16642205225764908 0.16295244373225207 -0.005
      vertex 0.16464466094067262 0.16464466094067265 -0.005
    endloop
  endfacet
  facet normal 0.0 0.0 -1.0
    outer loop
      vertex 0.2 0.2 -0.005
      vertex 0.16828033579181773 0.16134947733186317 -0.005
      vertex 0.16642205225764908 0.16295244373225207 -0.005
    endloop
  endfacet
  facet normal 0.0 0.0 -1.0
    outer loop
      vertex 0.2 0.2 -0.005
      vertex 0.17021503477537836 0.15983962342596775 -0.005
      vertex 0.16828033579181773 0.16134947733186317 -0.005
    endloop
  endfacet
  facet normal 0.0 0.0 -1.0
    outer loop
      vertex 0.2 0.2 -0.005
      vertex 0.1722214883490199 0.15842651938487273 -0.005
      vertex 0.17021503477537836 0.15983962342596775 -0.005
    endloop
  endfacet
  facet normal 0.0 0.0 -1.0
    outer loop
      vertex 0.2 0.2 -0.005
      vertex 0.17429486279033893 0.1571135694999864 -0.005
      vertex 0.1722214883490199 0.15842651938487273 -0.005
    endloop
  endfacet
  facet normal 0.0 0.0 -1.0
    outer loop
      vertex 0.2 0.2 -0.005
      vertex 0.1764301631587001 0.15590393678258227 -0.005
      vertex 0.17429486279033893 0.1571135694999864 -0.005
    endloop
  endfacet
  facet normal 0.0 0.0 -1.0
    outer loop
      vertex 0.2 0.2 -0.005
      vertex 0.1786222453284859 0.15480053534382784 -0.005
      vertex 0.1764301631587001 0.15590393678258227 -0.005
    endloop
  endfacet
  facet normal 0.0 0.0 -1.0
    outer loop
      vertex 0.2 0.2 -0.005
      vertex 0.1808658283817455 0.1538060233744357 -0.005
      vertex 0.1786222453284859 0.15480053534382784 -0.005
    endloop
  endfacet
  facet normal 0.0 0.0 -1.0
    outer loop
      vertex 0.2 0.2 -0.005
      vertex 0.18315550733038902 0.15292279674084897 -0.005
      vertex 0.1808658283817455 0.1538060233744357 -0.005
    endloop
  endfacet
  facet normal 0.0 0.0 -1.0
    outer loop
      vertex 0.2 0.2 -0.005
      vertex 0.18548576613727688 0.15215298321338958 -0.005
      vertex 0.18315550733038902 0.15292279674084897 -0.005
    endloop
  endfacet
  facet normal 0.0 0.0 -1.0
    outer loop
      vertex 0.2 0.2 -0.005
      vertex 0.1878509910048368 0.1514984373402728 -0.005
      vertex 0.18548576613727688 0.15215298321338958 -0.005
    endloop
  endfacet
  facet normal 0.0 0.0 -1.0
    outer loop
      vertex 0.2 0.2 -0.005
      vertex 0.19024548389919357 0.1509607359798385 -0.005
      vertex 0.1878509910048368 0.1514984373402728 -0.005
    endloop
  endfacet
  facet normal 0.0 0.0 -1.0
    outer loop
      vertex 0.2 0.2 -0.005
      vertex 0.1926634762772319 0.15054117450176097 -0.005
      vertex 0.19024548389919357 0.1509607359798385 -0.005
    endloop
  endfacet
  facet normal 0.0 0.0 -1.0
    outer loop
      vertex 0.2 0.2 -0.005
      vertex 0.195099142983522 0.15024076366639016 -0.005
      vertex 0.1926634762772319 0.15054117450176097 -0.005
    endloop
  endfacet
  facet normal 0.0 0.0 -1.0
    outer loop
      vertex 0.2 0.2 -0.005
      vertex 0.1975466162836291 0.15006022718974138 -0.005
      vertex 0.195099142983522 0.15024076366639016 -0.005
    endloop
  endfacet
  facet normal 0.0 -0.0 -1.0
    outer loop
      vertex 0.2 0.2 -0.005
      vertex 0.2 0.15000000000000002 -0.005
      vertex 0.1975466162836291 0.15006022718974138 -0.005
    endloop
  endfacet
  facet normal 0.0 0.0 -1.0
    outer loop
      vertex 0.2 0.2 -0.005
      vertex 0.2024533837163709 0.15006022718974138 -0.005
      vertex 0.2 0.15000000000000002 -0.005
    endloop
  endfacet
  facet normal 0.0 0.0 -1.0
    outer loop
      vertex 0.2 0.2 -0.005
      vertex 0.204900857016478 0.15024076366639016 -0.005
      vertex 0.2024533837163709 0.15006022718974138 -0.005
    endloop
  endfacet
  facet normal 0.0 0.0 -1.0
    outer loop
      vertex 0.2 0.2 -0.005
      vertex 0.20733652372276812 0.15054117450176097 -0.005
      vertex 0.204900857016478 0.15024076366639016 -0.005
    endloop
  endfacet
  facet normal 0.0 0.0 -1.0
    outer loop
      vertex 0.2 0.2 -0.005
      vertex 0.20975451610080642 0.1509607359798385 -0.005
      vertex 0.20733652372276812 0.15054117450176097 -0.005
    endloop
  endfacet
  facet normal 0.0 0.0 -1.0
    outer loop
      vertex 0.2 0.2 -0.005
      vertex 0.2121490089951632 0.1514984373402728 -0.005
      vertex 0.20975451610080642 0.1509607359798385 -0.005
    endloop
  endfacet
  facet normal 0.0 0.0 -1.0
    outer loop
      vertex 0.2 0.2 -0.005
      vertex 0.2145142338627231 0.15215298321338955 -0.005
      vertex 0.2121490089951632 0.1514984373402728 -0.005
    endloop
  endfacet
  facet normal 0.0 0.0 -1.0
    outer loop
      vertex 0.2 0.2 -0.005
      vertex 0.21684449266961098 0.15292279674084897 -0.005
      vertex 0.2145142338627231 0.15215298321338955 -0.005
    endloop
  endfacet
  facet normal 0.0 0.0 -1.0
    outer loop
      vertex 0.2 0.2 -0.005
      vertex 0.21913417161825452 0.15380602337443566 -0.005
      vertex 0.21684449266961098 0.15292279674084897 -0.005
    endloop
  endfacet
  facet normal 0.0 0.0 -1.0
    outer loop
      vertex 0.2 0.2 -0.005
      vertex 0.2213777546715141 0.15480053534382784 -0.005
      vertex 0.21913417161825452 0.15380602337443566 -0.005
    endloop
  endfacet
  facet normal 0.0 0.0 -1.0
    outer loop
      vertex 0.2 0.2 -0.005
      vertex 0.22356983684129988 0.15590393678258224 -0.005
      vertex 0.2213777546715141 0.15480053534382784 -0.005
    endloop
  endfacet
  facet normal 0.0 0.0 -1.0
    outer loop
      vertex 0.2 0.2 -0.005
      vertex 0.2257051372096611 0.1571135694999864 -0.005
      vertex 0.22356983684129988 0.15590393678258224 -0.005
    endloop
  endfacet
  facet normal 0.0 0.0 -1.0
    outer loop
      vertex 0.2 0.2 -0.005
      vertex 0.22777851165098012 0.15842651938487273 -0.005
      vertex 0.2257051372096611 0.1571135694999864 -0.005
    endloop
  endfacet
  facet normal 0.0 0.0 -1.0
    outer loop
      vertex 0.2 0.2 -0.005
      vertex 0.22978496522462166 0.15983962342596775 -0.005
      vertex 0.22777851165098012 0.15842651938487273 -0.005
    endloop
  endfacet
  facet normal 0.0 0.0 -1.0
    outer loop
      vertex 0.2 0.2 -0.005
      vertex 0.2317196642081823 0.16134947733186317 -0.005
      vertex 0.22978496522462166 0.15983962342596775 -0.005
    endloop
  endfacet
  facet normal 0.0 0.0 -1.0
    outer loop
      vertex 0.2 0.2 -0.005
      vertex 0.23357794774235094 0.16295244373225204 -0.005
      vertex 0.2317196642081823 0.16134947733186317 -0.005
    endloop
  endfacet
  facet normal 0.0 0.0 -1.0
    outer loop
      vertex 0.2 0.2 -0.005
      vertex 0.23535533905932737 0.16464466094067262 -0.005
      vertex 0.23357794774235094 0.16295244373225204 -0.005
    endloop
  endfacet
  facet normal 0.0 0.0 -1.0
    outer loop
      vertex 0.2 0.2 -0.005
      vertex 0.23704755626774796 0.16642205225764908 -0.005
      vertex 0.23535533905932737 0.16464466094067262 -0.005
    endloop
  endfacet
  facet normal 0.0 0.0 -1.0
    outer loop
      vertex 0.2 0.2 -0.005
      vertex 0.23865052266813686 0.16828033579181773 -0.005
      vertex 0.23704755626774796 0.16642205225764908 -0.005
    endloop
  endfacet
  facet normal 0.0 0.0 -1.0
    outer loop
      vertex 0.2 0.2 -0.005
      vertex 0.24016037657403227 0.17021503477537836 -0.005
      vertex 0.23865052266813686 0.16828033579181773 -0.005
    endloop
  endfacet
  facet normal 0.0 0.0 -1.0
    outer loop
      vertex 0.2 0.2 -0.005
      vertex 0.2415734806151273 0.1722214883490199 -0.005
      vertex 0.24016037657403227 0.17021503477537836 -0.005
    endloop
  endfacet
  facet normal 0.0 0.0 -1.0
    outer loop
      vertex 0.2 0.2 -0.005
      vertex 0.24288643050001363 0.1742948627903389 -0.005
      vertex 0.2415734806151273 0.1722214883490199 -0.005
    endloop
  endfacet
  facet normal 0.0 0.0 -1.0
    outer loop
      vertex 0.2 0.2 -0.005
      vertex 0.24409606321741775 0.1764301631587001 -0.005
      vertex 0.24288643050001363 0.1742948627903389 -0.005
    endloop
  endfacet
  facet normal 0.0 0.0 -1.0
    outer loop
      vertex 0.2 0.2 -0.005
      vertex 0.24519946465617218 0.1786222453284859 -0.005
      vertex 0.24409606321741775 0.1764301631587001 -0.005
    endloop
  endfacet
  facet normal 0.0 0.0 -1.0
    outer loop
      vertex 0.2 0.2 -0.005
      vertex 0.24619397662556433 0.18086582838174547 -0.005
      vertex 0.24519946465617218 0.1786222453284859 -0.005
    endloop
  endfacet
  facet normal 0.0 0.0 -1.0
    outer loop
      vertex 0.2 0.2 -0.005
      vertex 0.24707720325915106 0.18315550733038902 -0.005
      vertex 0.24619397662556433 0.18086582838174547 -0.005
    endloop
  endfacet
  facet normal 0.0 0.0 -1.0
    outer loop
      vertex 0.2 0.2 -0.005
      vertex 0.24784701678661045 0.18548576613727688 -0.005
      vertex 0.24707720325915106 0.18315550733038902 -0.005
    endloop
  endfacet
  facet normal 0.0 0.0 -1.0
    outer loop
      vertex 0.2 0.2 -0.005
      vertex 0.24850156265972723 0.1878509910048368 -0.005
      vertex 0.24784701678661045 0.18548576613727688 -0.005
    endloop
  endfacet
  facet normal 0.0 0.0 -1.0
    outer loop
      vertex 0.2 0.2 -0.005
      vertex 0.24903926402016152 0.19024548389919357 -0.005
      vertex 0.24850156265972723 0.1878509910048368 -0.005
    endloop
  endfacet
  facet normal 0.0 0.0 -1.0
    outer loop
      vertex 0.2 0.2 -0.005
      vertex 0.24945882549823906 0.1926634762772319 -0.005
      vertex 0.24903926402016152 0.19024548389919357 -0.005
    endloop
  endfacet
  facet normal 0.0 0.0 -1.0
    outer loop
      vertex 0.2 0.2 -0.005
      vertex 0.24975923633360986 0.195099142983522 -0.005
      vertex 0.24945882549823906 0.1926634762772319 -0.005
    endloop
  endfacet
  facet normal 0.0 0.0 -1.0
    outer loop
      vertex 0.2 0.2 -0.005
      vertex 0.24993977281025864 0.1975466162836291 -0.005
      vertex 0.24975923633360986 0.195099142983522 -0.005
    endloop
  endfacet
  facet normal 0.0 0.0 -1.0
    outer loop
      vertex 0.2 0.2 -0.005
      vertex 0.25 0.2 -0.005
      vertex 0.24993977281025864 0.1975466162836291 -0.005
    endloop
  endfacet
  facet normal 0.0 0.0 1.0
    outer loop
      vertex 0.2 0.2 0.005
      vertex 0.25 0.2 0.005
      vertex 0.24993977281025864 0.20245338371637092 0.005
    endloop
  endfacet
  facet normal 0.0 0.0 1.0
    outer loop
      vertex 0.2 0.2 0.005
      vertex 0.24993977281025864 0.20245338371637092 0.005
      vertex 0.24975923633360986 0.20490085701647803 0.005
    endloop
  endfacet
  facet normal 0.0 0.0 1.0
    outer loop
      vertex 0.2 0.2 0.005
      vertex 0.24975923633360986 0.20490085701647803 0.005
      vertex 0.24945882549823906 0.2073365237227681 0.005
    endloop
  endfacet
  facet normal 0.0 0.0 1.0
    outer loop
      vertex 0.2 0.2 0.005
      vertex 0.24945882549823906 0.2073365237227681 0.005
      vertex 0.24903926402016152 0.20975451610080642 0.005
    endloop
  endfacet
  facet normal 0.0 0.0 1.0
    outer loop
      vertex 0.2 0.2 0.005
      vertex 0.24903926402016152 0.20975451610080642 0.005
      vertex 0.24850156265972723 0.2121490089951632 0.005
    endloop
  endfacet
  facet normal 0.0 0.0 1.0
    outer loop
      vertex 0.2 0.2 0.005
      vertex 0.24850156265972723 0.2121490089951632 0.005
      vertex 0.24784701678661045 0.2145142338627231 0.005
    endloop
  endfacet
  facet normal 0.0 0.0 1.0
    outer loop
      vertex 0.2 0.2 0.005
      vertex 0.24784701678661045 0.2145142338627231 0.005
      vertex 0.24707720325915106 0.216844492669611 0.005
    endloop
  endfacet
  facet normal 0.0 0.0 1.0
    outer loop
      vertex 0.2 0.2 0.005
      vertex 0.24707720325915106 0.216844492669611 0.005
      vertex 0.24619397662556436 0.2191341716182545 0.005
    endloop
  endfacet
  facet normal 0.0 0.0 1.0
    outer loop
      vertex 0.2 0.2 0.005
      vertex 0.24619397662556436 0.2191341716182545 0.005
      vertex 0.24519946465617218 0.2213777546715141 0.005
    endloop
  endfacet
  facet normal 0.0 0.0 1.0
    outer loop
      vertex 0.2 0.2 0.005
      vertex 0.24519946465617218 0.2213777546715141 0.005
      vertex 0.24409606321741778 0.22356983684129988 0.005
    endloop
  endfacet
  facet normal 0.0 0.0 1.0
    outer loop
      vertex 0.2 0.2 0.005
      vertex 0.24409606321741778 0.22356983684129988 0.005
      vertex 0.24288643050001363 0.2257051372096611 0.005
    endloop
  endfacet
  facet normal 0.0 0.0 1.0
    outer loop
      vertex 0.2 0.2 0.005
      vertex 0.24288643050001363 0.2257051372096611 0.005
      vertex 0.2415734806151273 0.22777851165098012 0.005
    endloop
  endfacet
  facet normal 0.0 0.0 1.0
    outer loop
      vertex 0.2 0.2 0.005
      vertex 0.2415734806151273 0.22777851165098012 0.005
      vertex 0.24016037657403227 0.2297849652246217 0.005
    endloop
  endfacet
  facet normal 0.0 0.0 1.0
    outer loop
      vertex 0.2 0.2 0.005
      vertex 0.24016037657403227 0.2297849652246217 0.005
      vertex 0.23865052266813686 0.2317196642081823 0.005
    endloop
  endfacet
  facet normal 0.0 0.0 1.0
    outer loop
      vertex 0.2 0.2 0.005
      vertex 0.23865052266813686 0.2317196642081823 0.005
      vertex 0.23704755626774798 0.23357794774235094 0.005
    endloop
  endfacet
  facet normal 0.0 0.0 1.0
    outer loop
      vertex 0.2 0.2 0.005
      vertex 0.23704755626774798 0.23357794774235094 0.005
      vertex 0.2353553390593274 0.23535533905932737 0.005
    endloop
  endfacet
  facet normal 0.0 0.0 1.0
    outer loop
      vertex 0.2 0.2 0.005
      vertex 0.2353553390593274 0.23535533905932737 0.005
      vertex 0.23357794774235094 0.23704755626774798 0.005
    endloop
  endfacet
  facet normal 0.0 0.0 1.0
    outer loop
      vertex 0.2 0.2 0.005
      vertex 0.23357794774235094 0.23704755626774798 0.005
      vertex 0.2317196642081823 0.23865052266813686 0.005
    endloop
  endfacet
  facet normal 0.0 0.0 1.0
    outer loop
      vertex 0.2 0.2 0.005
      vertex 0.2317196642081823 0.23865052266813686 0.005
      vertex 0.2297849652246217 0.24016037657403225 0.005
    endloop
  endfacet
  facet normal 0.0 0.0 1.0
    outer loop
      vertex 0.2 0.2 0.005
      vertex 0.2297849652246217 0.24016037657403225 0.005
      vertex 0.22777851165098012 0.2415734806151273 0.005
    endloop
  endfacet
  facet normal 0.0 0.0 1.0
    outer loop
      vertex 0.2 0.2 0.005
      vertex 0.22777851165098012 0.2415734806151273 0.005
      vertex 0.2257051372096611 0.24288643050001363 0.005
    endloop
  endfacet
  facet normal 0.0 0.0 1.0
    outer loop
      vertex 0.2 0.2 0.005
      vertex 0.2257051372096611 0.24288643050001363 0.005
      vertex 0.2235698368412999 0.24409606321741775 0.005
    endloop
  endfacet
  facet normal 0.0 0.0 1.0
    outer loop
      vertex 0.2 0.2 0.005
      vertex 0.2235698368412999 0.24409606321741775 0.005
      vertex 0.22137775467151413 0.24519946465617218 0.005
    endloop
  endfacet
  facet normal 0.0 0.0 1.0
    outer loop
      vertex 0.2 0.2 0.005
      vertex 0.22137775467151413 0.24519946465617218 0.005
      vertex 0.2191341716182545 0.24619397662556436 0.005
    endloop
  endfacet
  facet normal 0.0 0.0 1.0
    outer loop
      vertex 0.2 0.2 0.005
      vertex 0.2191341716182545 0.24619397662556436 0.005
      vertex 0.216844492669611 0.24707720325915106 0.005
    endloop
  endfacet
  facet normal 0.0 0.0 1.0
    outer loop
      vertex 0.2 0.2 0.005
      vertex 0.216844492669611 0.24707720325915106 0.005
      vertex 0.2145142338627231 0.24784701678661047 0.005
    endloop
  endfacet
  facet normal 0.0 0.0 1.0
    outer loop
      vertex 0.2 0.2 0.005
      vertex 0.2145142338627231 0.24784701678661047 0.005
      vertex 0.2121490089951632 0.24850156265972723 0.005
    endloop
  endfacet
  facet normal 0.0 0.0 1.0
    outer loop
      vertex 0.2 0.2 0.005
      vertex 0.2121490089951632 0.24850156265972723 0.005
      vertex 0.20975451610080642 0.24903926402016152 0.005
    endloop
  endfacet
  facet normal 0.0 0.0 1.0
    outer loop
      vertex 0.2 0.2 0.005
      vertex 0.20975451610080642 0.24903926402016152 0.005
      vertex 0.2073365237227681 0.24945882549823906 0.005
    endloop
  endfacet
  facet normal 0.0 0.0 1.0
    outer loop
      vertex 0.2 0.2 0.005
      vertex 0.2073365237227681 0.24945882549823906 0.005
      vertex 0.20490085701647806 0.24975923633360986 0.005
    endloop
  endfacet
  facet normal 0.0 0.0 1.0
    outer loop
      vertex 0.2 0.2 0.005
      vertex 0.20490085701647806 0.24975923633360986 0.005
      vertex 0.20245338371637092 0.24993977281025864 0.005
    endloop
  endfacet
  facet normal 0.0 0.0 1.0
    outer loop
      vertex 0.2 0.2 0.005
      vertex 0.20245338371637092 0.24993977281025864 0.005
      vertex 0.2 0.25 0.005
    endloop
  endfacet
  facet normal 0.0 -0.0 1.0
    outer loop
      vertex 0.2 0.2 0.005
      vertex 0.2 0.25 0.005
      vertex 0.1975466162836291 0.24993977281025864 0.005
    endloop
  endfacet
  facet normal 0.0 0.0 1.0
    outer loop
      vertex 0.2 0.2 0.005
      vertex 0.1975466162836291 0.24993977281025864 0.005
      vertex 0.195099142983522 0.24975923633360986 0.005
    endloop
  endfacet
  facet normal 0.0 0.0 1.0
    outer loop
      vertex 0.2 0.2 0.005
      vertex 0.195099142983522 0.24975923633360986 0.005
      vertex 0.19266347627723193 0.24945882549823906 0.005
    endloop
  endfacet
  facet normal 0.0 0.0 1.0
    outer loop
      vertex 0.2 0.2 0.005
      vertex 0.19266347627723193 0.24945882549823906 0.005
      vertex 0.1902454838991936 0.24903926402016152 0.005
    endloop
  endfacet
  facet normal 0.0 0.0 1.0
    outer loop
      vertex 0.2 0.2 0.005
      vertex 0.1902454838991936 0.24903926402016152 0.005
      vertex 0.18785099100483682 0.24850156265972723 0.005
    endloop
  endfacet
  facet normal 0.0 0.0 1.0
    outer loop
      vertex 0.2 0.2 0.005
      vertex 0.18785099100483682 0.24850156265972723 0.005
      vertex 0.1854857661372769 0.24784701678661047 0.005
    endloop
  endfacet
  facet normal 0.0 0.0 1.0
    outer loop
      vertex 0.2 0.2 0.005
      vertex 0.1854857661372769 0.24784701678661047 0.005
      vertex 0.18315550733038902 0.24707720325915106 0.005
    endloop
  endfacet
  facet normal 0.0 0.0 1.0
    outer loop
      vertex 0.2 0.2 0.005
      vertex 0.18315550733038902 0.24707720325915106 0.005
      vertex 0.18086582838174553 0.24619397662556436 0.005
    endloop
  endfacet
  facet normal 0.0 0.0 1.0
    outer loop
      vertex 0.2 0.2 0.005
      vertex 0.18086582838174553 0.24619397662556436 0.005
      vertex 0.17862224532848592 0.24519946465617218 0.005
    endloop
  endfacet
  facet normal 0.0 0.0 1.0
    outer loop
      vertex 0.2 0.2 0.005
      vertex 0.17862224532848592 0.24519946465617218 0.005
      vertex 0.17643016315870014 0.24409606321741778 0.005
    endloop
  endfacet
  facet normal 0.0 0.0 1.0
    outer loop
      vertex 0.2 0.2 0.005
      vertex 0.17643016315870014 0.24409606321741778 0.005
      vertex 0.17429486279033893 0.24288643050001363 0.005
    endloop
  endfacet
  facet normal 0.0 0.0 1.0
    outer loop
      vertex 0.2 0.2 0.005
      vertex 0.17429486279033893 0.24288643050001363 0.005
      vertex 0.1722214883490199 0.2415734806151273 0.005
    endloop
  endfacet
  facet normal 0.0 0.0 1.0
    outer loop
      vertex 0.2 0.2 0.005
      vertex 0.1722214883490199 0.2415734806151273 0.005
      vertex 0.17021503477537833 0.24016037657403227 0.005
    endloop
  endfacet
  facet normal 0.0 0.0 1.0
    outer loop
      vertex 0.2 0.2 0.005
      vertex 0.17021503477537833 0.24016037657403227 0.005
      vertex 0.16828033579181773 0.23865052266813686 0.005
    endloop
  endfacet
  facet normal 0.0 0.0 1.0
    outer loop
      vertex 0.2 0.2 0.005
      vertex 0.16828033579181773 0.23865052266813686 0.005
      vertex 0.16642205225764908 0.23704755626774796 0.005
    endloop
  endfacet
  facet normal 0.0 0.0 1.0
    outer loop
      vertex 0.2 0.2 0.005
      vertex 0.16642205225764908 0.23704755626774796 0.005
      vertex 0.16464466094067265 0.2353553390593274 0.005
    endloop
  endfacet
  facet normal 0.0 0.0 1.0
    outer loop
      vertex 0.2 0.2 0.005
      vertex 0.16464466094067265 0.2353553390593274 0.005
      vertex 0.16295244373225207 0.23357794774235094 0.005
    endloop
  endfacet
  facet normal 0.0 0.0 1.0
    outer loop
      vertex 0.2 0.2 0.005
      vertex 0.16295244373225207 0.23357794774235094 0.005
      vertex 0.16134947733186317 0.2317196642081823 0.005
    endloop
  endfacet
  facet normal 0.0 0.0 1.0
    outer loop
      vertex 0.2 0.2 0.005
      vertex 0.16134947733186317 0.2317196642081823 0.005
      vertex 0.15983962342596778 0.2297849652246217 0.005
    endloop
  endfacet
  facet normal 0.0 0.0 1.0
    outer loop
      vertex 0.2 0.2 0.005
      vertex 0.15983962342596778 0.2297849652246217 0.005
      vertex 0.15842651938487273 0.22777851165098012 0.005
    endloop
  endfacet
  facet normal 0.0 0.0 1.0
    outer loop
      vertex 0.2 0.2 0.005
      vertex 0.15842651938487273 0.22777851165098012 0.005
      vertex 0.1571135694999864 0.2257051372096611 0.005
    endloop
  endfacet
  facet normal 0.0 0.0 1.0
    outer loop
      vertex 0.2 0.2 0.005
      vertex 0.1571135694999864 0.2257051372096611 0.005
      vertex 0.15590393678258227 0.2235698368412999 0.005
    endloop
  endfacet
  facet normal 0.0 0.0 1.0
    outer loop
      vertex 0.2 0.2 0.005
      vertex 0.15590393678258227 0.2235698368412999 0.005
      vertex 0.15480053534382784 0.2213777546715141 0.005
    endloop
  endfacet
  facet normal 0.0 0.0 1.0
    outer loop
      vertex 0.2 0.2 0.005
      vertex 0.15480053534382784 0.2213777546715141 0.005
      vertex 0.15380602337443566 0.2191341716182545 0.005
    endloop
  endfacet
  facet normal 0.0 0.0 1.0
    outer loop
      vertex 0.2 0.2 0.005
      vertex 0.15380602337443566 0.2191341716182545 0.005
      vertex 0.15292279674084897 0.21684449266961103 0.005
    endloop
  endfacet
  facet normal 0.0 0.0 1.0
    outer loop
      vertex 0.2 0.2 0.005
      vertex 0.15292279674084897 0.21684449266961103 0.005
      vertex 0.15215298321338958 0.21451423386272314 0.005
    endloop
  endfacet
  facet normal 0.0 0.0 1.0
    outer loop
      vertex 0.2 0.2 0.005
      vertex 0.15215298321338958 0.21451423386272314 0.005
      vertex 0.1514984373402728 0.2121490089951632 0.005
    endloop
  endfacet
  facet normal 0.0 0.0 1.0
    outer loop
      vertex 0.2 0.2 0.005
      vertex 0.1514984373402728 0.2121490089951632 0.005
      vertex 0.1509607359798385 0.20975451610080645 0.005
    endloop
  endfacet
  facet normal 0.0 0.0 1.0
    outer loop
      vertex 0.2 0.2 0.005
      vertex 0.1509607359798385 0.20975451610080645 0.005
      vertex 0.15054117450176097 0.2073365237227681 0.005
    endloop
  endfacet
  facet normal 0.0 0.0 1.0
    outer loop
      vertex 0.2 0.2 0.005
      vertex 0.15054117450176097 0.2073365237227681 0.005
      vertex 0.15024076366639016 0.20490085701647806 0.005
    endloop
  endfacet
  facet normal 0.0 0.0 1.0
    outer loop
      vertex 0.2 0.2 0.005
      vertex 0.15024076366639016 0.20490085701647806 0.005
      vertex 0.15006022718974138 0.20245338371637092 0.005
    endloop
  endfacet
  facet normal 0.0 0.0 1.0
    outer loop
      vertex 0.2 0.2 0.005
      vertex 0.15006022718974138 0.20245338371637092 0.005
      vertex 0.15000000000000002 0.2 0.005
    endloop
  endfacet
  facet normal 0.0 0.0 1.0
    outer loop
      vertex 0.2 0.2 0.005
      vertex 0.15000000000000002 0.2 0.005
      vertex 0.15006022718974138 0.19754661628362913 0.005
    endloop
  endfacet
  facet normal 0.0 0.0 1.0
    outer loop
      vertex 0.2 0.2 0.005
      vertex 0.15006022718974138 0.19754661628362913 0.005
      vertex 0.15024076366639016 0.195099142983522 0.005
    endloop
  endfacet
  facet normal 0.0 0.0 1.0
    outer loop
      vertex 0.2 0.2 0.005
      vertex 0.15024076366639016 0.195099142983522 0.005
      vertex 0.15054117450176097 0.19266347627723193 0.005
    endloop
  endfacet
  facet normal 0.0 0.0 1.0
    outer loop
      vertex 0.2 0.2 0.005
      vertex 0.15054117450176097 0.19266347627723193 0.005
      vertex 0.1509607359798385 0.1902454838991936 0.005
    endloop
  endfacet
  facet normal 0.0 0.0 1.0
    outer loop
      vertex 0.2 0.2 0.005
      vertex 0.1509607359798385 0.1902454838991936 0.005
      vertex 0.1514984373402728 0.18785099100483682 0.005
    endloop
  endfacet
  facet normal 0.0 0.0 1.0
    outer loop
      vertex 0.2 0.2 0.005
      vertex 0.1514984373402728 0.18785099100483682 0.005
      vertex 0.15215298321338955 0.1854857661372769 0.005
    endloop
  endfacet
  facet normal 0.0 0.0 1.0
    outer loop
      vertex 0.2 0.2 0.005
      vertex 0.15215298321338955 0.1854857661372769 0.005
      vertex 0.15292279674084897 0.18315550733038902 0.005
    endloop
  endfacet
  facet normal 0.0 0.0 1.0
    outer loop
      vertex 0.2 0.2 0.005
      vertex 0.15292279674084897 0.18315550733038902 0.005
      vertex 0.15380602337443566 0.18086582838174553 0.005
    endloop
  endfacet
  facet normal 0.0 0.0 1.0
    outer loop
      vertex 0.2 0.2 0.005
      vertex 0.15380602337443566 0.18086582838174553 0.005
      vertex 0.15480053534382784 0.17862224532848592 0.005
    endloop
  endfacet
  facet normal 0.0 0.0 1.0
    outer loop
      vertex 0.2 0.2 0.005
      vertex 0.15480053534382784 0.17862224532848592 0.005
      vertex 0.15590393678258224 0.17643016315870014 0.005
    endloop
  endfacet
  facet normal 0.0 0.0 1.0
    outer loop
      vertex 0.2 0.2 0.005
      vertex 0.15590393678258224 0.17643016315870014 0.005
      vertex 0.1571135694999864 0.17429486279033893 0.005
    endloop
  endfacet
  facet normal 0.0 0.0 1.0
    outer loop
      vertex 0.2 0.2 0.005
      vertex 0.1571135694999864 0.17429486279033893 0.005
      vertex 0.15842651938487273 0.1722214883490199 0.005
    endloop
  endfacet
  facet normal 0.0 0.0 1.0
    outer loop
      vertex 0.2 0.2 0.005
      vertex 0.15842651938487273 0.1722214883490199 0.005
      vertex 0.15983962342596775 0.17021503477537836 0.005
    endloop
  endfacet
  facet normal 0.0 0.0 1.0
    outer loop
      vertex 0.2 0.2 0.005
      vertex 0.15983962342596775 0.17021503477537836 0.005
      vertex 0.16134947733186317 0.16828033579181775 0.005
    endloop
  endfacet
  facet normal 0.0 0.0 1.0
    outer loop
      vertex 0.2 0.2 0.005
      vertex 0.16134947733186317 0.16828033579181775 0.005
      vertex 0.16295244373225204 0.16642205225764908 0.005
    endloop
  endfacet
  facet normal 0.0 0.0 1.0
    outer loop
      vertex 0.2 0.2 0.005
      vertex 0.16295244373225204 0.16642205225764908 0.005
      vertex 0.16464466094067262 0.16464466094067265 0.005
    endloop
  endfacet
  facet normal 0.0 0.0 1.0
    outer loop
      vertex 0.2 0.2 0.005
      vertex 0.16464466094067262 0.16464466094067265 0.005
      vertex 0.16642205225764908 0.16295244373225207 0.005
    endloop
  endfacet
  facet normal 0.0 0.0 1.0
    outer loop
      vertex 0.2 0.2 0.005
      vertex 0.16642205225764908 0.16295244373225207 0.005
      vertex 0.16828033579181773 0.16134947733186317 0.005
    endloop
  endfacet
  facet normal 0.0 0.0 1.0
    outer loop
      vertex 0.2 0.2 0.005
      vertex 0.16828033579181773 0.16134947733186317 0.005
      vertex 0.17021503477537836 0.15983962342596775 0.005
    endloop
  endfacet
  facet normal 0.0 0.0 1.0
    outer loop
      vertex 0.2 0.2 0.005
      vertex 0.17021503477537836 0.15983962342596775 0.005
      vertex 0.1722214883490199 0.15842651938487273 0.005
    endloop
  endfacet
  facet normal 0.0 0.0 1.0
    outer loop
      vertex 0.2 0.2 0.005
      vertex 0.1722214883490199 0.15842651938487273 0.005
      vertex 0.17429486279033893 0.1571135694999864 0.005
    endloop
  endfacet
  facet normal 0.0 0.0 1.0
    outer loop
      vertex 0.2 0.2 0.005
      vertex 0.17429486279033893 0.1571135694999864 0.005
      vertex 0.1764301631587001 0.15590393678258227 0.005
    endloop
  endfacet
  facet normal 0.0 0.0 1.0
    outer loop
      vertex 0.2 0.2 0.005
      vertex 0.1764301631587001 0.15590393678258227 0.005
      vertex 0.1786222453284859 0.15480053534382784 0.005
    endloop
  endfacet
  facet normal 0.0 0.0 1.0
    outer loop
      vertex 0.2 0.2 0.005
      vertex 0.1786222453284859 0.15480053534382784 0.005
      vertex 0.1808658283817455 0.1538060233744357 0.005
    endloop
  endfacet
  facet normal 0.0 0.0 1.0
    outer loop
      vertex 0.2 0.2 0.005
      vertex 0.1808658283817455 0.1538060233744357 0.005
      vertex 0.18315550733038902 0.15292279674084897 0.005
    endloop
  endfacet
  facet normal 0.0 0.0 1.0
    outer loop
      vertex 0.2 0.2 0.005
      vertex 0.18315550733038902 0.15292279674084897 0.005
      vertex 0.18548576613727688 0.15215298321338958 0.005
    endloop
  endfacet
  facet normal 0.0 0.0 1.0
    outer loop
      vertex 0.2 0.2 0.005
      vertex 0.18548576613727688 0.15215298321338958 0.005
      vertex 0.1878509910048368 0.1514984373402728 0.005
    endloop
  endfacet
  facet normal 0.0 0.0 1.0
    outer loop
      vertex 0.2 0.2 0.005
      vertex 0.1878509910048368 0.1514984373402728 0.005
      vertex 0.19024548389919357 0.1509607359798385 0.005
    endloop
  endfacet
  facet normal 0.0 0.0 1.0
    outer loop
      vertex 0.2 0.2 0.005
      vertex 0.19024548389919357 0.1509607359798385 0.005
      vertex 0.1926634762772319 0.15054117450176097 0.005
    endloop
  endfacet
  facet normal 0.0 0.0 1.0
    outer loop
      vertex 0.2 0.2 0.005
      vertex 0.1926634762772319 0.15054117450176097 0.005
      vertex 0.195099142983522 0.15024076366639016 0.005
    endloop
  endfacet
  facet normal 0.0 0.0 1.0
    outer loop
      vertex 0.2 0.2 0.005
      vertex 0.195099142983522 0.15024076366639016 0.005
      vertex 0.1975466162836291 0.15006022718974138 0.005
    endloop
  endfacet
  facet normal 0.0 0.0 1.0
    outer loop
      vertex 0.2 0.2 0.005
      vertex 0.1975466162836291 0.15006022718974138 0.005
      vertex 0.2 0.15000000000000002 0.005
    endloop
  endfacet
  facet normal 0.0 0.0 1.0
    outer loop
      vertex 0.2 0.2 0.005
      vertex 0.2 0.15000000000000002 0.005
      vertex 0.2024533837163709 0.15006022718974138 0.005
    endloop
  endfacet
  facet normal 0.0 0.0 1.0
    outer loop
      vertex 0.2 0.2 0.005
      vertex 0.2024533837163709 0.15006022718974138 0.005
      vertex 0.204900857016478 0.15024076366639016 0.005
    endloop
  endfacet
  facet normal 0.0 0.0 1.0
    outer loop
      vertex 0.2 0.2 0.005
      vertex 0.204900857016478 0.15024076366639016 0.005
      vertex 0.20733652372276812 0.15054117450176097 0.005
    endloop
  endfacet
  facet normal 0.0 0.0 1.0
    outer loop
      vertex 0.2 0.2 0.005
      vertex 0.20733652372276812 0.15054117450176097 0.005
      vertex 0.20975451610080642 0.1509607359798385 0.005
    endloop
  endfacet
  facet normal 0.0 0.0 1.0
    outer loop
      vertex 0.2 0.2 0.005
      vertex 0.20975451610080642 0.1509607359798385 0.005
      vertex 0.2121490089951632 0.1514984373402728 0.005
    endloop
  endfacet
  facet normal 0.0 0.0 1.0
    outer loop
      vertex 0.2 0.2 0.005
      vertex 0.2121490089951632 0.1514984373402728 0.005
      vertex 0.2145142338627231 0.15215298321338955 0.005
    endloop
  endfacet
  facet normal 0.0 0.0 1.0
    outer loop
      vertex 0.2 0.2 0.005
      vertex 0.2145142338627231 0.15215298321338955 0.005
      vertex 0.21684449266961098 0.15292279674084897 0.005
    endloop
  endfacet
  facet normal 0.0 0.0 1.0
    outer loop
      vertex 0.2 0.2 0.005
      vertex 0.21684449266961098 0.15292279674084897 0.005
      vertex 0.21913417161825452 0.15380602337443566 0.005
    endloop
  endfacet
  facet normal 0.0 0.0 1.0
    outer loop
      vertex 0.2 0.2 0.005
      vertex 0.21913417161825452 0.15380602337443566 0.005
      vertex 0.2213777546715141 0.15480053534382784 0.005
    endloop
  endfacet
  facet normal 0.0 0.0 1.0
    outer loop
      vertex 0.2 0.2 0.005
      vertex 0.2213777546715141 0.15480053534382784 0.005
      vertex 0.22356983684129988 0.15590393678258224 0.005
    endloop
  endfacet
  facet normal 0.0 0.0 1.0
    outer loop
      vertex 0.2 0.2 0.005
      vertex 0.22356983684129988 0.15590393678258224 0.005
      vertex 0.2257051372096611 0.1571135694999864 0.005
    endloop
  endfacet
  facet normal 0.0 0.0 1.0
    outer loop
      vertex 0.2 0.2 0.005
      vertex 0.2257051372096611 0.1571135694999864 0.005
      vertex 0.22777851165098012 0.15842651938487273 0.005
    endloop
  endfacet
  facet normal 0.0 0.0 1.0
    outer loop
      vertex 0.2 0.2 0.005
      vertex 0.22777851165098012 0.15842651938487273 0.005
      vertex 0.22978496522462166 0.15983962342596775 0.005
    endloop
  endfacet
  facet normal 0.0 0.0 1.0
    outer loop
      vertex 0.2 0.2 0.005
      vertex 0.22978496522462166 0.15983962342596775 0.005
      vertex 0.2317196642081823 0.16134947733186317 0.005
    endloop
  endfacet
  facet normal 0.0 0.0 1.0
    outer loop
      vertex 0.2 0.2 0.005
      vertex 0.2317196642081823 0.16134947733186317 0.005
      vertex 0.23357794774235094 0.16295244373225204 0.005
    endloop
  endfacet
  facet normal 0.0 0.0 1.0
    outer loop
      vertex 0.2 0.2 0.005
      vertex 0.23357794774235094 0.16295244373225204 0.005
      vertex 0.23535533905932737 0.16464466094067262 0.005
    endloop
  endfacet
  facet normal 0.0 0.0 1.0
    outer loop
      vertex 0.2 0.2 0.005
      vertex 0.23535533905932737 0.16464466094067262 0.005
      vertex 0.23704755626774796 0.16642205225764908 0.005
    endloop
  endfacet
  facet normal 0.0 0.0 1.0
    outer loop
      vertex 0.2 0.2 0.005
      vertex 0.23704755626774796 0.16642205225764908 0.005
      vertex 0.23865052266813686 0.16828033579181773 0.005
    endloop
  endfacet
  facet normal 0.0 0.0 1.0
    outer loop
      vertex 0.2 0.2 0.005
      vertex 0.23865052266813686 0.16828033579181773 0.005
      vertex 0.24016037657403227 0.17021503477537836 0.005
    endloop
  endfacet
  facet normal 0.0 0.0 1.0
    outer loop
      vertex 0.2 0.2 0.005
      vertex 0.24016037657403227 0.17021503477537836 0.005
      vertex 0.2415734806151273 0.1722214883490199 0.005
    endloop
  endfacet
  facet normal 0.0 0.0 1.0
    outer loop
      vertex 0.2 0.2 0.005
      vertex 0.2415734806151273 0.1722214883490199 0.005
      vertex 0.24288643050001363 0.1742948627903389 0.005
    endloop
  endfacet
  facet normal 0.0 0.0 1.0
    outer loop
      vertex 0.2 0.2 0.005
      vertex 0.24288643050001363 0.1742948627903389 0.005
      vertex 0.24409606321741775 0.1764301631587001 0.005
    endloop
  endfacet
  facet normal 0.0 0.0 1.0
    outer loop
      vertex 0.2 0.2 0.005
      vertex 0.24409606321741775 0.1764301631587001 0.005
      vertex 0.24519946465617218 0.1786222453284859 0.005
    endloop
  endfacet
  facet normal 0.0 0.0 1.0
    outer loop
      vertex 0.2 0.2 0.005
      vertex 0.24519946465617218 0.1786222453284859 0.005
      vertex 0.24619397662556433 0.18086582838174547 0.005
    endloop
  endfacet
  facet normal 0.0 0.0 1.0
    outer loop
      vertex 0.2 0.2 0.005
      vertex 0.24619397662556433 0.18086582838174547 0.005
      vertex 0.24707720325915106 0.18315550733038902 0.005
    endloop
  endfacet
  facet normal 0.0 0.0 1.0
    outer loop
      vertex 0.2 0.2 0.005
      vertex 0.24707720325915106 0.18315550733038902 0.005
      vertex 0.24784701678661045 0.18548576613727688 0.005
    endloop
  endfacet
  facet normal 0.0 0.0 1.0
    outer loop
      vertex 0.2 0.2 0.005
      vertex 0.24784701678661045 0.18548576613727688 0.005
      vertex 0.24850156265972723 0.1878509910048368 0.005
    endloop
  endfacet
  facet normal 0.0 0.0 1.0
    outer loop
      vertex 0.2 0.2 0.005
      vertex 0.24850156265972723 0.1878509910048368 0.005
      vertex 0.24903926402016152 0.19024548389919357 0.005
    endloop
  endfacet
  facet normal 0.0 0.0 1.0
    outer loop
      vertex 0.2 0.2 0.005
      vertex 0.24903926402016152 0.19024548389919357 0.005
      vertex 0.24945882549823906 0.1926634762772319 0.005
    endloop
  endfacet
  facet normal 0.0 0.0 1.0
    outer loop
      vertex 0.2 0.2 0.005
      vertex 0.24945882549823906 0.1926634762772319 0.005
      vertex 0.24975923633360986 0.195099142983522 0.005
    endloop
  endfacet
  facet normal 0.0 0.0 1.0
    outer loop
      vertex 0.2 0.2 0.005
      vertex 0.24975923633360986 0.195099142983522 0.005
      vertex 0.24993977281025864 0.1975466162836291 0.005
    endloop
  endfacet
  facet normal -0.0 0.0 1.0
    outer loop
      vertex 0.2 0.2 0.005
      vertex 0.24993977281025864 0.1975466162836291 0.005
      vertex 0.25 0.2 0.005
    endloop
  endfacet
endsolid cylinder
